,data
0,엔프피 입니다. 갑자기 딴소리 하는 이유 알려드립니다. “원숭이 엉덩이는 빨개 빨가면 사과 사과는 맛있어 맛있으면 바나나 바나나는 길어 길면 기차” 이런식으로 생각이 이동합니다 그래서 원숭이 이야기 하다 말고 갑자기 기차 이야기를 하는 거에요
1,Enfp가 갑자기 이상한 행동을 하거나 말을 하는 이유는 머리회전이 너무 빠르기 때문이다 무슨 물건을 보면 그 물건에 대해 평소에 가졌던 의문점과.. 관련된 기억이 한꺼번에 몰아침 그중에 꽂히는 걸 합니다
2,저 enfp인데 누가백번 못해줘도 한번 잘해주면마음 다풀리는듯요ㅠ님들도 그러시나요?
3,엔프피 컴퓨터 특 : 브라우저 여러창에 각각 탭 수십개씩 열려있고 닫힐 생각을 않는다.엔프피 넥플릭스 특 : 시청중인 콘텐츠가 죄다 반쯤 보다 만것들로 가득 차 있다. (시즌1부터 끝까지 하나만 정주행 하는 경우가 거의 없다)
4,엔프피는 의도하지 않아도 레전드사건이 많이 일어나..
5,ENFP 장점이자 단점이 지나치게 감정적임.. 예민해서 쉽게 스트레스 받아도 또 금방 풀리긴 해서 뒤끝이 없어서 좋긴한데 기분 안 좋을땐 옆사람이 눈치 겁나보게 됨
6,"ENFP 특 : 다음과 같은 취미생활을 하고 있거나, 할 계획이거나, 하는 상상중임.스키,등산,서핑,웨이크보드,클라이밍,통기타,스쿠버다이빙,춤,비행기조종,프리다이빙,인라인스케이트,MTB,마라톤,번지점프,세계여행,국토종주,캠핑,오로라보기,사막가기,피라미드보기,해외봉사활동가기,아프리카가기,아마존가서 악어보기,국내봉사활동,해외배낭여행,국내배낭여행,자전거국토종주,스카이다이빙,패러글라이딩,지브리곡피아노치기,우주여행,워홀,독서많이해서 독서록쓰기,독서모임갖기,테마파크알바,영화관알바,철인3종,세계최장짚라인타보기,중국에 투명스카이워크 걸어보기, 커플다이빙, 블루홀 헬리콥터타고 구경, 알프스에서 돗자리깔고 누워서 하늘보기, 산악스키, 테니스,배드민턴,골프,나무심기,꽃피우기,꽃꽃이,가죽공예,유리공예,비누만들기,캔들만들기,네일아트,메이크업배우기,바이올린,오페라공연가기,낙타타보기휴.. 일단 3분의 1만 적어봤습니다."
7,아 근데 진짜 엔프피 상처 엄청 잘받고 세심하고..그런데 회복 진짜 빠름..엔프피 밝은거에 비해 우울감 진짜 잘느끼고 한번씩 잠수타는데 또 멀쩡하게 나타나요..나도 사람좋아! 인간이라 주말마다 약속잡아서 나돌아다니다가도 한번씩 혼자있고싶어져서 연락 다 안받고 잠수타는데 그러고 한 일이주 지나면 또 친구들 만나고싶어져서 드릉드릉함..
8,ENFP가 밝고 긍정적이고 잘 웃어서 그런지 생각없어 보이고 쉽게 보이지만 생각 많아요대부분은 긍정적이고 이해하려고 해서 양보하는거지 진짜 자기가 갖고 있는 신념은 머리속이 늘 있어요편견이 제일 없는거같고 자유롭게 생각하는거 같아요계산속 없고 쉬워보이지만 네 쉬워요 하지만 그렇게 쉬운사람 아니랍니다저만 그런지 모르겠지만 사귀는거 신중하고 한번 사귀면 오래 사귀고 말도 조심해서 해요
9,"새로들어온 알바생 가르쳐줄때1번부터 10번까지 가르쳐줘야하면1,2,3번까지 가르쳐줬는데1번에서 적용되는 꿀팁이 생각나면다시 1번 설명하러감"
10,"사고의 흐름이 얼마나 빠른가 하면, 다른 사람과 같이 영화를 보는데 슬픈 장면이나 무서운 장면 등 변환점이 나오기도 전에 이미 상황을 캐치하고 남들보다 빠르게 반응해서 주변사람들이 놀랍니다 아직 도입부여서 분위기만 슬슬 잡혀도 이미 머릿속으로는 앞으로 일어날 일들까지 상황파악이 끝난데다가 몰입도가 높은 편이라서 마치 이미 그 상황을 본 것처럼 바로 반응이 나와서요이건 엔프피라 그런지 제 개인성향인진 모르겠는데, 감정적인 몰입도도 높은 편이라서 현실이 반영된 사회의 어두운 면을 다루는 영화는 잘 못봅니다."
11,"우리 엔프피는 머리 스타일 하나만 봐도 혹은 옷 입는거 하나만 봐도 그 사람이 어떤 사람이겠다 뭐 이런 게 한번에 들어옴. 감, 신기 그 자체임 ㅋㅋㅋㅋㅋㅋㅋㅋㅋㅋ"
12,"잇프피가본엔프피 꾸미는걸 참 좋아한다 패션 남눈치안봄일할때 누구보다 빨리빨리하다가 흥미없는거시키면 거북이됨 일할때 항상 다음걸생각한다기억력이 진짜 좋다 예전사건,숫자,순서버스안 대화톤도 남눈치안보고 시원발랄하게말해서 조용하란소리많이듣는다 세상 씩씩해보였는데 여린면이있는거같다앞뒤가 똑같다 남욕잘안함 남욕들어주지만 아니라고생각하면 동조안해줌"
13,40대 엥쁘삐입니다. 이나이까지 엥쁘삐로 살아남다니..저자신 대견합니다. 엥쁘삐 굿즈 만들어주세요. 저 비슷한 맨투맨 있어요. 대화흐름 무엇
14,"ENFP특)같은 ENFP와 제일 잘 맞고 제일 잘 놀음ㅋㅋㅋㅋㅋㅋㅋㅋ하지만 인정 넘쳐서 놀고 싶은데 말도 못하고 방콕해있는 I들도 불러내줌 그리고 또 속으로 생각함(아 얘 왤케 재미 없지... 왤케 분위기 파악을 못하지.. 왤케 집에만 가려고 하지.. 다음에는 부르지 말까?)하고 생각하다가 또, 그 재미없는 I가 생각나고 안쓰러워서 또 불러냄"
15,"엔프피는 생각이 많아서 하고싶은 말도 많고, 자기 스스로하고도 많이 대화 하는거  같아여ㅋㅋㅋ그래서 다같이서도 잘놀고 혼자서는 더 잘 노는거같아여ㅋㅋㅋㅋ"
16,enfp가 딴소리하는 이유는 그냥 그게 재밌어서임. 그리고 그걸 보면서 당황하거나 즐거워하는 타인을 보면서 다시 한 번 즐거워함ㅋㅋ뭐 딱히 복잡한 이유는 없음.
17,엔프피입니당. 관심이 많다가 없어지는 경우는 관심이 사라져서가 아닌 까먹어서 입니다.
18,내 머리속 (엔프피)“아 롤케이크 먹고싶다.”  디저트가 생각남“아 그런데 어제 초코슈 좀 맛없었지.”근데 어제 초코슈가 아니라 멜론이 나와야 했다는 걸 기억함“야 근데 원래 멜론 아니었나?”멜론하니까 엄마가 멜론 빙수 먹고 싶다고 한걸 기억함“우리 멜론 빙수 먹으러 갈까?”오늘이 금요일이라는 걸 기억함“아이 오늘 금요일이니까 영어 시험 보겠네…”그리고 내일 쉰다는걸 생각함“헐 잠깐만 오늘 금요일이네!”금요일하니까 유튜브 생방송 기억남“집가서 공부 빨리하고 놀아야지!”하고 집가서 핑핑 놀다가 시험 큰일 날뻔함;;
19,1.어디를 가든 발자국을 꼭 남기고 싶음.2.100번 못해줘도 한 번 잘해주면 다 풀림
20,내가 본 ENFP 분석 중에 젤 잘 맞는듯!! 진짜 맞아요!!!! 느낌으로 알고 자기 머릿속에 그림으로 그려지는데 디테일이 부족하고 남에게 잘 설명을 못해서 쟤는 모른다고 오해를 받음!!! 진짜 맞음!!! 새로운 것이 계속 눈에 들어와서 정리가 안되는 것도 너무 맞아요!!!!
21,지나가는 ENFP 인데 겁나 공감하고 갑니다.... 저도 제가 욀케 다방면에 관심이 있는지 모르겠네요...제 머릿속에 들어오시면 거의 놀이동산급입니다... 정신없어요....저도 저를 잘 몰라요.....(?)
22,안티와 덕후를 동시에 몰고 다니는 거에 완전 공감합니다ㅋㅋㅋ 그래서 모든 사람에게 잘 보이려고 하지 말고 죽 잘 맞는 사람이랑 쿵짝쿵짝 하면 되용ㅎㅎ
23,"저는 INFJ이고, 신랑이 ENFP인데 잼난 에피소드가 있어요.^^결혼하고나서 천주교 묘지에 계신 우리 할머니께 첫 인사를 드리려고 함께 찾아 뵀었어요.신랑은 평생 무교인 사람이지만, 집안 전체가 천주교인 제 친정 식구들 틈에 껴서 기도를 드리기 시작했어요.성가 '야훼는 나의 목자'를 아빠가 선창 하시면 남은 가족들이 이어서 부르고 있었는데,어쩌다 옆에 신랑을 흘낏 보니 언젠가부터 제일 큰 목소리로 따라 부르고 있더라구요.ㅋ신랑은 모르는 부분은 대충 흥얼대며 넘기고,후렴구인 ""야훼는 나의 목자아~ 아쉬울 것 없노라아~""만 큰 소리로 반의 반박자 앞서 부르고 있었어요.ㅋㅋ기도중이라 웃으면 아빠께 혼날까봐 웃음을 꾹 참고 있었는데, 맞은 편에 있던 제 동생과 눈이 마주쳐 버린 거에요.순간... 뿜었습니다. 둘 다ㅋㅋㅋ그 때, 생각했어요. 이 사람 친화력 무엇?!!!^^그 매력에 반해 결혼을 결심한거지만, 때로는 그 부분 때문에 부부 싸움을 하기도 해요.^^;내가 싫어하는 미운 짓을 하는데도 그게 또 귀엽게 보이기도 하고.. 암튼 그 엉뚱똥꾸발랄함에 지루할 틈이 없이 살고 있습니다.^^ㅋㅋㅋ"
24,좋아하는 사람이 엔프피라 보러 온 인팁인데 댓글에 다 느낌표랑 하트 폭탄인게 너무 웃김
25,저는 INTJ고 친구 중에 ENFP가 있어요. 엔프피 친구가 말을 너무 두서없이 해서 친구들이 잘 못알아먹는 것 같더라구요.제가 대충 정리해서 통역해주니까 그제서야 이해를 하던... ㅋㅋㅋ 나중에 엔프피가 저 없으면 친구들이랑 대화가 안된다고 어딜가도 데리고 다니려고 하는데 귀찮아 죽겠어요 ㅋㅋ
26,어차피 내 얘기 이해못할 것 같은 사람들한테는 설명안하고 얼버무리고 넘어감. 그래서 대부분  사람들이 나를 생각없는 사람으로 봄. 하지만 이해 가능한 사람하고는 진짜 하고 싶은 얘기 다하고 속이 뻥 뚫림
27,istj입니다. 같이 일하는 상사가 enfp인데 너무 좋습니다.실수해도 아 그럴수 있지이이이 하면서 뭐라 안해서 너무 좋습니다.(잇티제는 실수하면 셀프로 구박 미친듯이 하거든요)너무 달라서 서로가 좋아하고 싫어하는 업무가 딱 반대라 각자 좋아하는 일하면 업무가 다 끝나있습니다ㅋㅋㅋ노잼인간인데 엔프피 유잼인간이라 가만있어도 빵빵터지게 해줘서 너무 좋습니다ㅋㅋ
28,엥뿌삐 본인은 대화를 하다가 남이 관심이 없을 거 같은 내용은 생각만 하고 그 생각 도중에 공유할 만한 게 떠오르면 그제서야 말을 꺼내게 됩니당 그래서 동에 번쩍 서에 번쩍 이라고 생각합니다
29,Enfp는 가장 겉과 속이 같고 보이는대로 믿을수 있는 유형인 것 같아요
30,"엔프피 머리에 정리 안되어있는거냐.. 약간 이건것 같아요. 생각하고 말하는 사람이 아니라 말하면서 생각하는 타입이 많아서 그런듯?일단 다 늘어놓고 본 다음에 키워드를 딱딱 빼내서, 아 그래서 이게 젤 좋구나! 이게 결론이구나! 하는 상황이 많은것 같아요 저같은 경우는"
31,인티제입니다. 엔프피 친구보면 참 신기해요 무엇이든 적극적이고 감수성 넘치며  나름 내면이 깊은점이 좋아요. 티는 안내지만 속으로 많이 귀여워하곤 합니다. 엔프피 친구야 가끔 쌀쌀맞게 상처주는것 같아서 미안한데 너 반응이 너무 귀여워서 어쩔 수 없어..
32,INTJ인데 개인적으로 ENFP너무 귀여워서 좋은거 같음. 뭐랄까 방방거리고 엉뚱한짓 하면 계속 지켜보고 싶고 다람쥐 보는 느낌임. 맨날 시끄러운게 귀찮으면서도 또 싫지는 않음.
33,개인적으로 엔프피로서 정리가 안되는게 아니라 정리가 된 상태입니다. 어질러진 자신의 방에서 정확히 물건이 어디있는지 아는 것처럼 생각이 그렇습니다. 정리가 안되어 보이는 이유는 마인드맵처럼 뻗치는 생각이 아니기 때문입니다. 이 생각에 나만의 규칙있는 어지러진 방에서 자석처럼 달라붙는 아이디어 같은게 있어서 그렇습니다. 얘가 와서 찰싹 달라붙어요. 직관적으로 본능적으로
34,nf 성향이 높은 사람들끼리 말하면 말 몇마디 안해도 다 통하는 기분이듭니다.... 왜 그거 있잖아 하면은 아 그거 하고 바로 알아듣는거요.... 입안아파서 좋습니다...
35,와.. 여태까지 본 엔프피 영상 중에 제일 공감하고 가는 엔프피입니다... 특히 다른 일을 하려해도 예술을 운명적으로 하게 되는 거 극공감....
36,"잇프피입니다 갠적으로 가장 부러워하는 유형이예요주변 엔프피들을 보면 정말 성격도 유하고 하나같이 둥글둥글~ 다같이 조화롭게~ 잘 지내자~ 느낌이 강하고 주변 사람들을 편하게 해주는 재주가 있어요유독 까탈스런 엔프피들도 있기는 하지만 이런 엔프피들도 알고보면 허당끼,대가리꽃밭끼로 반전매력을 선사하고 어떻게든 관계를 편하게 만들어요과하지 않은 유머감각이나 재치도 부러워하는 부분 중 하나입니다 낄끼빠빠를 가장 잘하는 느낌이예요어느 선에서 내가 껴도 될지 빠져야 할지를 잘 캐치하고 어떤 상황에도 뇌절은 잘 없는 그런 ..? 그래서 주변에 적이 잘 없는 그런 느낌이 드는 사람들이 많은 것 같습니다"
37,이십대부터 십년 넘게 엔프피만 나온 찐 엔프피로써.. 처음으로 다 공감가는 내용이였어요. 다른데선 츄 같은 엔프피만 표현해서 잘 와닿지 않았는데(츄도 대중이 소비하는 모습이 그녀의 전부가 아니지만) 이 영상은 정말 공감되네요. 특히 뭔가 보인다는걸 누가 믿어주는게 너무 좋았어요…🥹 저는 보기 싫어도 자꾸 상대의 내면이 보이거든요. 어릴때는 그 감을 무시했는데 이젠 제 감을 믿습니다 정제되지 않아 선을 넘고 실수도 하지만 그만큼 타인에게도 관대한것도 맞아요. 문제가 생기면 자아성찰 하면서 문제를 고치려고 해요. 합리적이지 않은거 정말 싫어요. 관계든 일이든 문제가 생기면 해결하고 더 나은 장으로 넘어가는게 합리적이라고 생각합니다. 허술하고 실수가 많은 부분은 스스로 불편해서 찬찬히 고치게 되더라구요. 지금은 일기와 플래너를 꼬박꼬박 쓰며 스스로와의 약속을 지키는 엔프피 어른이 되었습니다!
38,엔프피는 참 똑똑한 가운데 그 순수하고 아이같은 매력이 너무 치명적임.그냥 걸어다니는 사랑스러움 덩어리임.그 결과 20년째 엔프피에게 잡혀살고있음 ㅎㅎㅎ
39,"엔프피 남편과 결혼한 인티제인데여,,, 엔프피인 남편은 매사 엉뚱하고 장난끼가 너무 많아서 대책없는 또라이 같은데 한편으론 순수하고 다정한 면도 있어 마음을 쉽게 열었던 거 같아요. 저랑 성향이 달라도 너무 다른데 취향은 또 닮아서 반려자로 잘 맞는 거 같습니다. 그래도 가끔은 감당하기 버거운 텐션이 있어 부담스러워요.ㅋ"
40,Enfp인데 Isfj남편한테 젤 자주 듣는 소리1.ㅇㅇ 했나요? (매우 높은 확률로 안함)2.갑자기요? 3.당신은 참 긍정적인 사람이야 정신없는 마누라 이쁘다 오구오구 해주는선비같은 내 남편 천년만년 사랑해
41,"스파크처럼 뿅 떠올라서 한마디 던졌는데 꼭 그게 채택되어서 이번 시즌 대표 아이디어가 되어있거나, 팀마다 안건을 내야할 때 대표주제가 되어있어서 스스로에게 놀랄 때가 많네요. 스파크 튀는 게 마치 개연성 없어보여서 쓸모 없어 보이지만 꼭 그렇지만도 않더라고요. 아이디어뱅크임에는 틀림없는 것 같아요. :) 그리고 사람에 대해 느껴지는 초반 느낌이 결론에 가서도 80% 이상 맞게 떨어지더라고요. 초반에 좀 탁한 사람이다 쎄한 사람이다 느껴지면 거의 80% 확률로 적중합니다."
42,"지나가는 엔프피 - 엔프피가 어떤 생각하는지 잘 모르겠다고 알고싶다고 사차원인거 같다고 하셨는데요! 거기에 대해 드는 생각은 “엥? 나 별거 없는뎅 ㅋㅋ” 이지만, 그렇게 말해주니 뭔가 특별한 사람이 된거같아서 좀 설레구 신남"
43,엔프피인데 진짜 깜짝놀라면서 봤어요 ㅋㅋㅋㅋㅋㅋㅋㅋㅋㅋ 예술이나 뭘 본다던가 만신창이에 빨리 회복하는것까지.. 처음보는사람이네 흥미롭군에서 빵터졌어요 완전 저라서 ㅋㅋㅋㅋㅋㅋ
44,"ADHD인 애들이 성격유형 검사하면 ENFP많이 나옵니다..ㅋㅋㅋ 이것저것 관심이 많아서 여기저기 보고다닌것도 많고, 어떤 문제를 봤을때 해결방법이 그동안의 소스들을 통한 아이디어(잡생각)가 워낙에 많고 빨리가는길이 보이는데 자꾸 못가게 하니깐 답답한거에요. 친구간에 선넘는건 좀 충동적인거구요. 선생각후행동이 잘 안됩니다."
45,ISTJ입니다..ENFP를 이해해보려고 들어왔습니다ㅎㅎ..
46,"enfp인데요 원래 음악, 미술, 요리쪽에 흥미가 많았고 요리사가 정말 하고싶었어요. 안정적인 생활을 추구하시는 부모님의 영향을 받아서 전문직으로 일했어요.. 그러다가 안정적인 직장을 가져야겠다 싶어 잠깐 공직에 몸 담았다가 제 머리가 어떻게 터질거 같더라고요ㅠ 제 사고회로로는 절대 받아들일 수 없는 조직이였어요. 제가 망가질거 같아서 다시 나왔는데 결국 지금은 요식업에 일하고 있네요ㅋㅋㅋ 돌고돌아 왔네요설명해주신 부분 듣고 깜짝놀랐네요.. 지금 제가 하는것도 결국엔 좋아하고 잘하는 분야라서 하게 됐나봐요"
47,인프피입니다 제 주변에 엔프피분들이 너무 피곤한데 너무 재미있고 생각보다 생각도 깊어서 깜짝 놀라고 말이 안끊어져서 신기하다 생각드는 사람들입니다ㅎㅎ너무 좋지만 살려ㅈ....
48,"저도 엔프피인데 영상에서 설명해주신것처럼 너무 전체에 눈이 가요 음식점에 친구랑 가도 친구랑음식뿐만 아니라 사장님은 어떤 특징이 있고 종업원은 어떤 특징 , 저 테이블 커플은 어떤 느낌, 저쪽 사람들은 어떤관계이고 오늘 왜만난것 같은디 이런 전체적인거에 눈이 더 마니가요"
49,"나레이션 음색이나 속도, 인토네이션 모두에서 몰입감이 최고네요. 앞으로 기대하겠습니다."
50,와............ 너무 정확해요... ㄷㄷ 관찰을 정말 잘하신 것 같아요... 그림도 맘에 들고................ 엔프피는 이런 영상에 환장합니다!!!!!!!!!!!!!!!!!! 
51,"ENFP 조별과제 할때  만나기 싫다는 댓글보면 답답해요.  그들이 참여가 부족했다면 아마 흥미가 없는 과목이나 과제였을거예요. 저는 패션전공이였는데 아주 적극적이고, 주도적으로 했다구요. 편견은 노노노."
52,저는 esfp엣프피인데요Enfp좋아해요되게 매력 있고 밝고 개성있는 것 같아서 좋아요 제가 젤 좋아하는 친구가 엔프피였어요엔프피 엉뚱하고 되게 몽상?적이게 느껴졌고관심을 많이 가져주는 것 같아서 좋았어유
53,*이 영상을 엔프피가 좋아 미칩니다.
54,처음 본 사람한테는 조용조용 해서 가끔 너가 엔프피라고? 하는 사람도 있는데 그게 혼자가 좋아서 그런게 아니라 사람이 너무 좋아서 그럼ㅋ큐ㅠ 내가 말한거에 대해서 상처받거나 기분나빠하지 않았으면 좋겠어서 오히려 조용해지거나 말수적어질때도 있음 뿌엥ㅠ
55,나 찐 infj-t어릴때 난 인프제 성향보다는 엔프피 성향이 강해서 엔프피들을 대략 알거 같음뭔가 다양한 사람만나는거 좋아하고 혼자노는것도 좋고  어떤 대화가 생기면 이리저리 이야기하는거 좋아하고 엄청 즉흥적으로 움직이고 그랬는데 나이가 들면서 이런저런 경험이 생기면서 계획에 집착하게 되고 인간관계에도 많은 변화가 생기더라구 참 애착많이 가능 유형들임 어릴적 행복했던 나같아서 ㅎㅎ...
56,enfp인 동생있는데 주변에 얘한테 홀린 여자애들 개 많은데 특히 연상킬러임 얘 특징이 옆에 있으면 자연스럽게 끼부리는건데 이게 매력있어서 다 휘감아버린다고 해야하나..?  플러팅인듯 아닌 플러팅 하는데 ㅈㄴ 유죄인간 같음 근데 정작 본인은 별 의미 없이 하는 행동이라 여자애들만 계속 속앓이하고 괴로워함 ㅋㅋㅋㅋㅋㅋㅋ 한마디로 말하면 능글 fox...재질임
57,남들이 말하는 너무 뻔한 얘기들을 안해줘서 너무 좋네요!! 딱 맞는 얘기인것 같아요
58,안녕하세요 지나가던 엔프피입니다 전 항상 맥락에서 벗어난 이야기 한적 없는것 같은데 다들 갑자기 왜 또 주제를 바꾸냐고 하더라구요 저도 잘 모르겠습니다… 난 그냥 생각나는대로 말한건데….
59,지나가는 엔프피 인데요 너무 정리를 잘 해주신것 같아요! 엔프피 그림도 너무 엔프피 스럽고요
60,엔프피인 저는 엔프피 영상이 나와서 행복합니다ㅠㅠㅠㅠ근데 또 엔프피 안나온다 생각하니 괜히 아쉬워요…ㅋㅋㅋㅋㅋ항상 잘 보고 있습니다!!다른 유형 영상도 얼른 보고싶어요️
61,ㅎㅎㅎㅎㅎㅎ️우왕 enfp영상 올려주셨네요~~너무 좋아요~!ISFJ도 넘 궁금하네여ㅎㅎ역시.. 정확하게 간파하셨어요 ㅎㅎ분석을 이리도 잘하시다니 신기해요
62,엔팁에서 엔프피가 된 사람으로써 이영상 정말 재밌고 좋네요ㅋㅋ 저의 성향에대한 영상이라니 광고가있어도 까먹을때마다 정주행 할거에요ㅋㅋ 그냥 여러모로 눈썰미가 좋은편이라고 생각해요  좀 특이하다고 하는데 잘모르겠지만요 저도 가끔 그들이 잘 이해가지않아도 웃고 넘기거든요
63,"지나가던 남자 인티제 입니다.  엔프피가 좋은이유 : 똑똑함<생각의 범위가 넓고 깊음> ,에너지,신뢰,의외성,지식욕구,사람들 이 무해함 약간의 의외성은 창의력을 만드는 원동력이라고 생각함"
64,내가 덕질하는 본진의 mbti여서 봤는데 진짜 개똑같다 ㅋㅋㅋㅋ이렇게 이론적으로 파고드니까 본진에 대해 이해가 더 잘되고 너무 귀엽네 ㅋㅋㅋ ㅠㅠㅠ 엔프피들 넘나 사랑둥이야...ㅠㅠㅠ
65,"저는 ISFJ, 신랑이 ENFP 예요저랑 정말 다른 사람인데, 그래서 좋아요.저희 신랑보면 인싸(어딜가나 사람들이 좋아함), 호기심 천국(진짜 궁금한거 많음), 창의력 높구요 머리도 좋고 말도 잘해요. 정말 너무 해맑고 귀여운 댕댕이~~~!! ♡근데 약간 인내심이 부족하고, 하기 싫으면 잘 집중 안하고, 너무 궁금한것도 많고 할게 많아서 마무리가 잘 안될때가 있는데 ISFJ인 제가 이런 부분들은 좀 커버해 주는거 같아요."
66,그래서 제가 영화감독을 하고 있나봅니다ㅋㅋㅋ 매우 공감이 되네요. 음.. 엔프피의 머릿속이라..ㅎㅎ;; 저 같은 경우엔 사람들과 이야기 하다 보면 스파크 튀듯이 어떤 단어나 그 상황에 꽂혀 아이디어가 확 떠오를때가 있어요~ 근데 이걸 머릿속으로 혼자 정리하기 보단 흥분해 말하면서 정리하다보니 자꾸 엉뚱한 곳으로 튀는것 같네요 확실히 전부터 관찰하기를 좋아했던 이유가 관찰하다보면 그곳에서 새로운 정보와 아이디어들이 연쇄적으로 떠오르다보니 재밌어서 였던것 같아요.ㅎ
67,INTP인데...ENFP 진짜 귀여워요..초롱초롱한 눈빛.. 나만의 큐티관종... 흥미롭고 재밌는 사람같아요! 저도 여러 생각 많지만 엔프피도 생각 다양하고 재미있는 느낌ㅎㅎ 귀여워
68,"엔프피인데 신내림처럼, 운명처럼 예술한다는거 맞아서 신기하다난 원래 간호사될라고 대학도 다 다녀놨는데 그림으로 직업 잡을 줄 몰랐음,..;;"
69,"1. 미용실에서 마음에 안들게 잘라도 곧 그 머리가 마음에 들어진다.2. 맛집 굳이 줄서서 먹지 않는다. 맛있는 식당이 이렇게 많은데 굳이?3. 사람의 장단점에 관심이 많다. 다른 사람에 단점에서도 뭔가를 배운다.4. 사람,글자,물건 등의 느낌을 색채로 바꿔서 기억하거나 표현하기도 한다. (비유를 잘 활용해서 말함)5. 의외로 깊게 생각한다. 이미 난 관에 100번은 더 들어가본 사람처럼 생각함. 살면서 크게 중요한것도 없고 해야될것도 없고 약간 초월해서 삼.6. 약간 연예인끼처럼 관종이라 얌전하고 리액션 좋은 사람들 앞에서 춤추고 노래하는거 좋아함. 7. 생각을 멈추고 싶으나 멈출수 없음.....8. 특정 모임 안에서 사람간의 관계나 a가 b를 어떻게 생각하고 있는지에 대해 잘 파악하는 편.ENFP특징인지 저만의 특징인지는 모르겠지만...살면서 몇가지 느낀 제 특징입니당."
70,헐헐 ENFP 요청드리구 기다리고있었는데 ㅠㅠ감사합니다! 재밋게볼게용!
71,예술하는 엔프피입니다. 귀한영상 감사합니다️
72,연기를 전공하고 있는 사람인데 입시 때부터 연출적으로 보려고 한다는 코멘트를 들어왔었어요 그리고 최근에 감독을 한 번 한 적이 있었는데 '어라 나 감독 쪽이 더 맞나' 하는 생각이 들었는데 영상에서 감독 얘기를 하셔서 소름돋았네요ㅎㄷㄷ 어떻게 저도 모르는 저를 그렇게 잘 아시죠..? 그리구 enfp 머릿속에 들어오시면 아마 몇 분 안에 토나와서 나가려고 하시지 않을까 싶습니닼ㅋㅋㅋㅋ 저도 가끔 머릿속이 너무 시끄러워서 다 닥치라고 하고 싶을 때가 있거든요
73,엔프피 캐릭터 그림 넘 귀여워요 숏츠에 나오는 목소리도 ㅋㅋ
74,"전 isfp 고 남편은 enfp 인데 남편이 참 호기심이 많고 귀엽달까 ㅋㅋ 나에 비하면 호기심 천국임 ㅋㅋ 그리고 내가 이해할수 없을정도로 인내심이 좋고 손절을 안함, 정말 이 사람 화 나게 만드는 사람이면 개차반이라고 봐야함 ㅠㅠ"
75,Infp는 꽃을들고 있고 enfp는 그 꽃이 머리속에 있는거군요
76,와이프가 ENFP고 저는 ENTJ인데 정말 순수하고 귀여운 친구들입니다.뽀뽀를 하루에 오십번은 더하는것 같아요.. 갑자기 이유없이 춤도 추고..제가 한번씩 실수해도 와이프가 쿨하게 넘어가는데 그만큼 와이프가 실수를 많이해요..ㅋㅋ 싸울때 다소 감정적이라 감당이 안될때도 있지만.. 금방 기분풀어지고 다시 잘지냅니다ㅋㅋㅋ
77,"기다리고 있었습니다~ 항상 좋은 영상들, 유익한 영상들 올려주셔서 감사합니다! MBTI가 유사과학이라 하지만은, 그럼에도 자기자신에 대해서 알아가는 대에 꽤 도움이 되는 듯합니다!"
78,길님 그림이랑 음악도 귀엽고 내용도 너무 이해가 쏙쏙잘되고 연결이 잘돼요. 심지어 말투도 호감이고 목소리도 좋아요 흑흑 너무 좋아요
79,길님은 여러 유형들에 대해 다 애정이 있어보이셔서 따뜻해요 솔직하게 단점을 얘기해주셔도 따뜻함이 느껴져요~~
80,운명적으로 하고있는 1인정말 정확한 분석감사합니다♡♡
81,모든 성격에는 그 성격만의 장점이 있다는 설명이 너무 좋아요^^ 앞으로도 계속해서 좋은 영상 기다리겠습니다.
82,엔프피들 너무 잘놀아ㅠ 기빨림제가 요새 좋아하는 오빠야 부른 가수가 엔프피라는데 이곡은 널리 알려졌지만 이거 하나를 제외한 다른 곡들은 잘 모르죠.. 확실히 매니아가 많은듯
83,"저는 ENFJ 입니다. 같은 NF 유형으로서 ENFP는 매우 흥미롭고 재미있는 친구들입니다.ENFJ 입장에서 ENFP를 보면, 세상을 보는 시각과 가치관 및 사고방식은 비슷한데, 외부로의 표출 및 행동양식이 다른 느낌이에요. 자극과 반응 시나리오로 옮겨 말하자면, 자극에 대한 수용 방식과 내부에서의 정보 처리 방식은 비슷한데, 반응 회로만 다른 거죠. 그래서 ENFJ들에게는 ENFP의 스파크들이 모두 이해가 가고, 맥락도 자연스럽게 따라갈 수 있고, 또 취향에도 맞는 이야기들인 겁니다. ENFJ는 밖으로 나의 생각을 노출하기 전에 최대한의 가공과 여과를 거치는 데 반해, 그런 것이 거의 없는 ENFP의 이야기들은 다소 날 것으로 들리긴 하지만 동시에 매우 신선하면서도 가치롭게 느껴지는 이야기들이 많습니다. 그래서 그러한 이야기들에 대해 진지하게 공감해 줄 수 있어요. 때문에 ENFJ와 ENFP는 친구 관계로서는 정말 이보다 좋을 수 없다고 할 수 있을 만큼 깊은 영적 공감과 즐거움을 공유할 수 있는 소울 프렌드가 될 수 있더라구요. (INFP와도 가능하긴 합니다만, 이 쪽은 파고 들수록 그냥 친구 관계보다는 연인 관계에 더 적합하다는 느낌을 많이 받아요... 그냥 냅둬도 뿅뿅 뿜어내는 ENFP와는 달리, INFP는 내가 직접 그 심연 속으로 들어가서 허우적거려야 하거든요)아, 그리고 중간에 NF의 예술활동에 운명적인 느낌이라 하시는 거 완전 공감합니다. 한 때 취미로 곡을 좀 썼던 적이 있었는데요, 그 곡들이 90% 이상은 다 제가 만들어 낸 게 아니라, 꿈에서 영감을 받은 겁니다. 꿈을 꾸면 그 꿈의 배경음악으로 나오는 식으로, 꿈이 곡을 하나 그냥 준다 이거에요. 그리고 그 꿈을 깨고 나면, 왠지 이 음악적 심상을 곡으로 풀어내지 않고 그냥 흘려내버리면 안될 것 같다는 강박이 들어 곡을 써 내려갑니다. 보통 곡을 쓰는 사람은 장르도 한두가지로 고정돼서 비슷한 풍으로 나오는 경우가 많은데, 제가 쓴 곡들은 장르도 악기 구성도 천차만별로 나옵니다. 어느 꿈에서는 재즈로, 어느 꿈에서는 락으로, 어느 꿈에서는 클래식으로 나오거든요. 여튼 NF로서 제 예술 활동은 다소 영적인 측면이 컸다고 생각해요. 창작을 한다는 느낌보다는, 내 자신이 우연히 다가온 심상을 담아내는 그릇이 된다는 느낌에 가깝습니다."
84,엔프피 어딜가든 통통튀고 너무 사랑스러운 유형이긴 한데 조별과제에서 만난 극극극엔프피들은 너무 힘들었어요 
85,enfp는 개인적으로 뇌의 시냅스 속도가 굉장히 빠른 편이라 그래요!보통은 A > B > C 따라서 D이다라고 생각한다면ENFP는 A>>>>D 로 생각하죠!그래서인지 멘사에서 가장 아이큐가 높은 유형이라고 하네요!!
86,오늘 하루도 이해를 받는 기분이네요! 친구들을 모아두고 이 영상을 틀어주고 싶습니다......
87,ENFP 그래프 수치가 모두 극도로 치우쳐져 나오는 엔프피 오브 엔프피입니다!!길님 엔프피 영상 정말 오래도록 기다렸어요한마디한마디 거를것없이 모두 저를 너무 잘 설명해주셔서 너무 행복합니다.. 저에 대해 잘 알아주면 너무 행복하던데.. 길님께 너무 감사하네요모든 영상 하나하나 정주행하면서 아껴서 보고있습니다 그중에 가장 좋아하는 영상은 단연코 이번 영상이지 않을까 싶네요 감사합니다️️
88,"엔프피남친이 있는 인프피입니다. 사람들이랑 소통하는걸 조금 더 좋아하는것 같은 남친, 사람들과의 소통보단 혼자있는게 훨씬 좋은 저 이것말고는 진짜 비슷해요ㅎㅎ 잘 맞아서 잘 만나고 있어요ㅎㅎ"
89,재밌게 잘 봤습니다~ INFJ도 빨리 보고싶네요 ㅎㅎ
90,진짜 내 성격을 완벽 정리 하셨다
91,"나진짜 3:00에서 개터졌닼ㅋㅋㅋㅋㅋㅋㅋㅋㅋㅋ아 그리고 막 다른영상들처럼 나무위키에서도 나오는뻔한 mbti내용들을 알려주시는게아니라 너무 심도있게,색다르게 내용을 들려주셔서너무 재밋었어요!!!구독누르고갑니다!!"
92,만약 enfp 가 손절했다? 그 사람의 인성에 큰 문제가 있다는 신호입니다. 웃으면서 서로서로 잘 지낼때 긍정적인 관계로 건강하게 잘 지냅시다
93,전 인티제인대 엔프피분들 볼수록 신기해요 ㅋㅎㅋㅎ
94,너무 재밌게 봤어요 INTJ편도 만들어주세요
95,지나가던 인티제예여 저랑 찰떡궁합이라기에 조사 차원에서 영상봅니당ㅎㅎ
96,Entp인데 enfp 너무 좋아ㅎㅎㅎㅎㅎ 잘맞고 가끔씩 처음엔 읭?스러운 소리를 하는데 왜 그런 생각을 했는지 분석하는 것도 너무 재밌고 생각하다 보면 왜 그런지 다 이해가 돼서 너무 재밌고 귀여워용ㅎㅎ
97,"엔프피에게 호되게 당하는중새로운 유형에대한 호기심,관심분야가 넓음에서 타겟이 되어서생전 겪어보지못한 관심과 탐구의 대상이 됨세상모든것ㅡ여기에나도 포함되는걸 알게됨주목받지 못했던 식물이 식물도감 지필되고 있는 느낌이랄까참 할말이없는ㅡ세상은넓고사람은다양하다"
98,목소리가 너무 좋으시고 재밌어요 ㅎㅎㅎ 그림도 귀엽고 이쁜데 책읽듯이 귀에 듣기 좋네요 ㅎㅎ 콘탠츠도 너무 좋구요 ㅎㅎ
99,"지나가는 enfp입니다. 확실히 말하는 데 맥락이 있어요. 예를 들면 고3때 친구들이랑 대학에대해 얘기하고 있었거든요. 근데 대학 합격하니까 합격하고난후에 버킷리스크가 생각이 나고 그중에 여행이 생각이 나면서 갑자기 일본이 떠오르더라고요. 근데 여행을 가려면 일본어 공부를 해야겠다 싶어서 ""우리 일본어 공부할까?""란 얘기를 하는 것처럼 맥락이 있답니다!"
100,오늘 제가 첫 출근해서 주위 사람들 이랑 다 친해지고 말 놓고 일적으로 인수인계 듣는데 집중은 잘 안되었어요! 제가 아는 상식이랑 이어 붙이려니 너무 복잡해서 정신을 못차렸는데 … 여기서 나온 말들이 굉장히 공감 가더라구요! 대가리 꽃밭이라… ‎𐨛 𐨛 𐨛 어쩌면  저게  맞는  말일수도 있겠네요~ 재밌게 잘 보고 갑니다!
101,INFJ가 봤을때활발하고 매사에 긍정적인 에너지 넘치는 모습이 좋은
102,극 외향인 저도 enfp 분들 만나면 기빨려요 ㅋㅋㅋ 그치만 결코 미워할수 없는 유형️ 일단 표정 부터가 대체로 구김살 없고 강아지 웃는상이야... 눈이 항상 초롱해...주인 집 비번 치는 소리에 호다닥 달려나가 현관문 앞에서 꼬리콥터 장착해가지구 헤헤 하면서 반겨주는 똥꼬발랄함이 연상되는 그런ㅠㅠㅠㅠㅠ 넘 사랑스러워요
103,극강 ENFP로서 슈퍼삐야 공감하고 갑니다. ㅋㅋㅋㅋㅋㅋㅋ 감사합니다♡
104,머릿속에는 약 A4용지 10pt 3~4장 분량의 생각을 하고 있었는데 무슨 생각하냐고 물으면 그 내용을 다 설명하자면 길어서 상대방을 배려한답시고 2~3줄로 줄여서 핵심만 얘기하는거에요.그래서 4차원이란 소리는 많이 들었지만 대학다니면서 레포트 작성할때는 교수님들한테 칭찬받았어요. 논리적으로 설명하려면 설명은 할 수 있는데 일상 대화에서 그걸 다 들어줄 사람이 없을 뿐... 그래서 레포트 쓸 때 이미 머릿속에선 A부터 Z까지 내용이 완성되고나서 글로 쉬지않고 쓰는데 동기가 쓰는거보면서 신기해하더라구요. 막상 시작하기전에는 멍때리는 것처럼 아무생각 없고 노는것처럼 보이는데 한번에 글 써내려가는 걸보고 신기하대요.
105,설명 듣고 있는 중간중간에왜 장기하님의 부럽지가 않아가떠오를까요ㅎ 이해하기 쉽게 설명해주셔서잘듣고갑니다. 번창하세요
106,표졍변화가 귀엽다. 일러스트에 공을 들이니까 보는 맛이 확 올라가네요.
107,intp인 저는 enfp가 호감임 ㅋㅋㅋㅋ 서로 극과 극 같으면서 교집합 적인 면이 있어서 그런가 봄 ㅋㅋㅋ enfp 에너지가 높아서 감당 안될 때는  '쟤 오늘 왜 저러냐' 싶으면서도 절대 밉지는 않고 귀엽달까? ㅋㅋㅋㅋㅋ
108,ㅋㅋㅋㅋㅋㅋㅋㅋ정리가안된다는거에 너무 공감하고갑니다....
109,엔프피인데 큰 그림을 보는 거 너무 공감..  이 말 하다가도 저 말하고 ㅠㅠ 엔프피 특이네용 그리고 캐릭터 정말 귀여워요 ㅎㅎ 구독하고 갑니당 엔프피 관련 영상 많이 기대할게요!️
110,"intp인데 가까운 enfp가 사람에 대해 관심법 하듯이 판단하고 한줄평을 잘 내리는 편이라 그럴듯한 논리구조 없이 속단하는 부분이 마음에 안 들었는데, enfp에게만 보이는 직관적 영역이 있군요...!이렇게 또 타인을 이해하고 갑니다 정말 소중한 채널이에요..."
111,극 엔프피인데 진짜 설명이 구구절절 다 맞네요!! 진짜 강아지 같아요 스스로 생각해도 사람이 너무 쉽고ㅋㅋㅋ대가리 꽃밭ㅜㅜ
112,엔프피들 대체로 성격좋아서다들 좋아함 ㅋㅋㅋ
113,뭔가 이야기 하고 설명 하는 과정에서 더 좋은 아이디어가 떠올라요 ! 자기도 오 ~! 이러면서 신나서 말하는거죠
114,ENFP캐릭터가 제일 귀여워요ㅜㅜㅜ 쇼츠영상목소리도 세상 커엽ㅠㅠㅠ 빨리 모든 유형 영상이 나왔으면 좋겠어오
115,ㅋㅎㅋㅎㅋㅎㅋㅎㅋㅎㅋㅎㅋㅎㅋㅎㅋ댓이고 영상이고 너무너무 잘맞아욬ㅋㅋㅋㅋㅋㅋㅋ너무 재밌고 공감가요! 상처주는 거나 받는것도 많은데 의도적으로 상처주려는건 아니어서......제 행동이 상처였다는 걸 알면 미안하고 속상해요...퓨ㅠㅠㅠㅠ
116,어쩔수없는 ENFP인가보다 다른 영상들 보면 아니다 싶은데 여기선 틀린말이 하나도없다.. 특히 예술 쪽 선택하게 된 계기나  배역보단 감독이 어울린다 이런표현들에서 소름..
117,정리도 정말 잘하시고 귀에 쏙쏙 들어오네요 너무 재밌게 봤어요 특히 마지막 말은 소름이네요
118,엣프제인 제가 제일 귀여워 하는 엥뿌삐♡!!! 진짜 너모너모 귀엽구 괜히 인간 말티즈 소리가 나오는게 아닌거같아요ㅋㅋㅋㅋ연예인이나 아이돌들도 엔프피들을 보면 센스와 재치를 두루 갖춘 끼쟁이들이 많죠 다들 순발력도 좋고 입담도 좋구ㅋㅋㅋㅋ 그래서 많이들 예능 프로그램에서 뛰어난 활약을 보이고요!
119,같은 enfp만나면 대화주제가 휙휙휙 바뀌는데 겁내 맞다맞다 그지그지!!! 하면서 수다가 3-4시간 기본임 ㅋㅋ
120,"ENFP 친구가 많은 INFJ입니다. 뜬금없는 행동 ,엉뚱한 말  머릿속에 꽃밭,스파크  빵터졌네요 ㅋㅋㅋㅋㅋ"
121,ㅋㅋㅋㅋ되게 구체적이고 명확하게 설명해놓으셨다… 가끔 나도 내가 누군지 헷깔리는데 남이 더 정확히 알고있는 느낌까지듦… 걍 성향을 영어로 분류 해놨을 뿐인데.(이상 엔프피)
122,와 너무잘 맞아요 강의 듣는 줄 알았어요 심리학 강의
123,살면서 ENFP인 유형 사람들이 젤 좋았음 앞으로도 만나고 싶은 유형
124,돌고 돌아 제 결론은 저는 엔프피입니다.가장 많은 걸 보지만 정리되어 있지 않은 유형. 정말 저를 잘 설명해주셨어요. 영상 보기 전 정말 딱 그 생각을 하면서 들어왔거든요. 그동안 ENTP에 공감가는 부분은 많은데 사람 기분에 굉장히 민감하면서도 결정적으로 말을 딱 정리해서 말을 못하는 스타일이라서.. 저는 엔팁은 아닌 것 같더라고요. 영상 보다가 멈추고 댓글 썼는데 마저 보겠습니다.
125,맞아요ENFP인데 정리가 안되여. 너무 많은 정보를 가지고 있는데 자꾸 새로운것에 관심이 가서 그걸 조절하는게 젤 힘들어요. 그리고 직업이 디자인이고 이것저것 다 손대봤어요. 그리고 사주 점 이런것에 관심이 많으며 중년이 지나가는 이 나이에도 나중에 감독하고 싶은 꿈이 아직도 있어요. 사람들 좋아하고 주목받고도 싶지만 또 혼자서 관심있는거 보고 즐기는거 넘 좋아해요.
126,"와, 지나가는 ENFP 박수드립니다. 다른 것보다 분석력이 탁월합니다. 특히 본인도 정리 안 된 통찰 부분요."
127,zzzzzzzzzzzzzzzzzzz 정리할게 많은데 계속 새로운 것이 들어온다는거 진짜 공감된다 ㅋㅋㅋㅋㅋㅋㅋㅋㅋㅋㅋㅋㅋㅋㅋㅋㅋㅋㅋㅋㅋㅋㅋㅋㅋㅋㅋㅋㅋㅋㅋㅋㅋㅋㅋㅋㅋㅋㅋ
128,헐 해주셨다️️
129,우와 다음 잇프제!!!! 기대할게용 ㅎㅎ
130,아 엔프피분들 댓글 다 길게 다신거 너무 웃김 ㅋㅋㅋㅋㅌㅌㅋㅋㅋㅋㅋㅋㅋㅋㅋㅋㅋ
131,대화 하다가 다른 주제로 넘어가면 항상 전 대화의 주제에 대한 미련이 조금씩 남아있다가 현 주제에 열정 붙으면 전 주제는 금방 잊어버리고 현 주제에만 집중함
132,"전 ISTP인데 갠적으로 ENFP분들과 오래 볼 수록 젤 안 맞는데 재밌네요 ㅋㅋ(과한 부분, 잔실수가 많은데 주장이 강한??리더쉽?? 그런부분)제 주변 ENFP들은 눈치도 빠르고(티안냄) 상처도 잘 받지만 분노보다는 회피하는 스타일인 것 같고, 잘 맞는 사람들에게는 간 쓸개 다 빼주는 착한관종의 유형인 것 같습니다^^"
133,오왕 너무 잘 아신다... 역쉬 같은 외향직관형인 엔팁 길님이 엔프피를 세세히 잘 설명해주시네요. 감사합니다~
134,와..나 유투브보면서 공감되서 이렇게 웃은건 처음이예욬ㅋㅋㅋ
135,설명하기 귀찮은거 진짜.. 1000프로 인정..
136,Entp 이지만 확실한건 Enfp유형 캐릭이 제일귀여움 동그란눈에 호기심가득한입 그리고 주위에 별 ㅋㅋㅋ
137,와앙 기다렸어욤 영상 잘 볼게요 ㅎㅅㅎ
138,너무 기다렸어요️️ 흥미로워요 최고 
139,"혹시 특정 알파벳 하나가 중간에 가까운 사람들의 특징도 설명해주실 수 있나요?제가 엔프피, 엔팁 거의 중간이기도 하지만 저처럼 중간인 사람도 많을텐데 mbti 유형 설명은 늘 그 유형이 극명할 때를 전제로 설명하더라구요.ㅠ"
140,"미술 전공 ENFP입니다. 회화를 전공해 디자인회사를 다니다가 별안간 교육대학원에 진학을 했는데요, 생각의 흐름이라는 것이 타인들보다 체계적이지 않은 것 같긴합니다. 공부 할 양이 많아지면서 보다 체계적으로 구조화하고 정리하는 습관을 들이면서 좀 개선되었지만 처음엔 뇌의 이것저곳에 파편처럼 흩어져있는 방대한 지식들을 카테고리화 하고 정리하고 인출하는 것이 너무 힘들었습니다... 인생 대부분을 충동과 직감적인 사고의 선택들로 살아왔기 때문에 머릿속을 정리한다는 것이 낯설었지만, 이렇게 정리하다보니 학창시절 왜 항상 고득점은 어려웠는지 알것도 같았어요. 하나에 꽂히면 그것만 엄청 파고들고 또 금방 실증납니다. 그래서 진득하니 길게 하나를 못해요. 아마추어 단계에서 불태우고 끝내는거죠. 그 사이에 또 흥미있고 재미난걸 찾았을 가능성이 매우 높습니다. 아무튼 엔프피는 머릿속에 많은 것들이 있지만 그걸 말로 잘 설명하지 못합니다. 애초에 본인 머리속에서도 그게 정리되어있지 않거든요. 그래서 설명하다가 삼천포로 빠지기도 합니다...느낌적인 느낌으로 업무를 처리해왔을 가능성이 높습니다... 저 뿐만 아니라 제주변 엔프피 분들은 대부분 그랬던 것 같습니다. 그래서 인수인계받는 하위 직원들은 맥락을 못따라 가기도 합니다. 자신만의 맥락으로 설명하거든요.. ㅎㅎ"
141,영상 올려주신거 다 봤는데 지금까지 본 mbti 분석 영상중에 최고네요 혹시 다음에는 esfj 분석영상 부탁드려도 될까요?
142,와..  간만에  성격유형이론공부를 재미지게  풀어준 영상 보고갑니다. 감사하네요.  그래..  난 ENFP 였지.
143,대화ㅋㅋㅋㅋㅋㅋㅋㅋㅋ주ㅋㅋㅋㅋㅋㅋㅋㅋ제ㅋㅋㅋㅋㅋㅋㅋㅋㅋㅋㅋㅋㅋ 찐공감...특히 조용한거 진짜 못버텨서 뭐라도 말하려고하니까 더 심해지는 것 같음.. 주변사람 오늘 모가 어땠는지 그게 괜찮았는지... 수업 괜찮았는지 막히지 않았는지 모르는거 알려조소 너무고맙고 신나니까 그 사람 거 보고 완전멋지다고 할 거 내일 찾아서 얘기 나눠야징암튼 잘 받아줘서 고마워...얘들아...
144,관심이 없는게 없거든요 ㅋㅋㅋㅋㅋㅋㅋㅋㅋㅋㅋㅋ 이게 왤케 웃기지ㅋㅋㅌㅋㅋㅋㅋ 경험말고도 이론적인것도 흥미를 느끼는거ㅇㅈㅇㅈ
145,"맨 위 베댓말 너무 공감 무언가를 봤을 때 떠오르는 생각이 꼬리에 꼬리를 물고 이어지는데, 그게 순식간에 이뤄지는거임 여러가지에 흥미가 있다보니 은근 잡지식이 많고 사람에 대한 관심도가 높으니 눈치나 센스도 나쁘지않음 하지만 굳이 나를 불편하게 만들거나 내 주변사람을 불편하게 만드는게 아니라면 내가 눈치챈 것을 티내지 않음 오지랖 넓은 건 정말 나랑 친한 친구들만.엔프피는 꾸준히 하는 걸 못하기 때문에 엔프피가 공부를 잘한다면 그건 그냥 머리가 좋은거임 모 아니면 도나도 엔프피지만 내가 본 엔프피들은 멍청하거나 눈치 좋은데 없는척 하거나 둘 중 하나였음남한테 설명하는 것도 못함내 머릿속에 설명하고 싶은 것들과 표현하고 싶은 것들이 너무 많은데 정리가 되어있지 않음어디서부터 설명해야 내가 느낀 생각과 이해가 상대한테도 닿을지를 모르겠음"
146,20년째 ENFP-A 로써 처음으로 댓글남기자면ㅋㅋ 일단 내 얘기 같아서 관심이 가서 들어왔다가 좀 말이 길어지거나 이미 알고있는 얘기하면 흥미가 떨어지는 동시에 다른 더 재밌는거 뭐볼지 즉흥적으로 생각나서 꺼버림ㅋㅋㅋENFP가 사고의 전환 빠른거 인정 완전 인정!! 동료랑 단 한시간만 수다떨어도 대화주제가 셀 수 없음ㅋㅋ 암튼 1:06까지 듣다 갑니다~~~ 수고
147,인프피인데 엔프피의 그 재기발랄한 넘치는 에너지가 부러워요 ~
148,인프피랑 닮은 엔프피 너무 재밌어요..!
149,엔프피 친구 있으면 너무 좋겠네요~ 4차원에 솔깃함 ㅋㅋ 뭔가 머릿속이 프랙탈 차원처럼 끝없이 분화하는 느낌? ㅎㅎ
150,영상 잘봤어요 ㅋㅋㅋ 재밌네요혹시 intj는 언제 영상으로 다루는지 알 수 있을까요?~ 저번 동영상투표에서 0표나왔더라고요 ㅠㅠ;;영상 항상 감사합니다! 구독하고 갑니다
151,지금 34살인데 직종도 한 열번은 바꾸고 직장도 한 열번은 바꿈... 가지고있는 자격증도 다양한데 걍 다방면임. 직장에 어느정도 적응했다싶으면 바로 권태옴.. 취미생활도 이거좋아했다가 저거좋아했다가 또 시작한건 나름 깊이있게 금방 빠져들지만 익숙해지면 갈아탐.... 기억력도좋고 집중력도 좋은것같음. 연상하는것도 잘하고 아이디어가 잘 샘솟는편. 오목 잘함. 어릴때부터 뭐 꾸준히 못한다고 혼나고ㅜㅜ ... 디아블로 게임을 예로들면 한 80랩정도까지(올리기쉬운데 충분히 할만큼한정도) 키우고 종류별로 직업바꿔서 함..  나만이런엔프핀가....ㅜㅜㅜ
152,Enfp 상상력도 풍부하고 재밌습니다. 같이 있기 제일 즐거운 유형-)
153,한 명의 엔프피로서 영상 재밌게 잘 ~~보았습니다. 저에 대해서 다시 한 번 잘 알게 되었네요. 덕분에...!!!!^>^''
154,지금 알바를 하고있는 엔프피인데 솔직히 전체 돌아가는 그림을 봐야 일을 미리미리 하고 스스로 다른 일을 할 짬을 만들 수 있어서 그럴려고 노력함ㅠ 전체를 계속 둘러봐야 누가 이거 하고 있으면 내가 미리 저거 해준다던가 하면서 센스있다는 말도 좀 듣고^^ 여튼 스스로 자각하고 있는 부분은 아니였는데 영상 보면서 날 되돌아봤더니 생각해보니 일 하면서 전체흐름을 자주 봤구나 싶은 생각이 들었네요ㅋㅋㅋ
155,저 ENFP인데 이래저래 많이 치여서 잘들어내지 않아서 대부분 눈치 못채는 편이에요. 그래서 저도 제가 엔프피가 아닌건가 싶을 때가 있었지만.. 이번편 보니..  그냥 너무 정확히 제 이야기네요.. 사람 심리에도 관심이 많은데 길선생님 유튜브가 제일 납득이 돼서 좋아해요. 다른 영상은 거의 다 봤는데 이 영상은 이제야 보는 게 신기..  이미 ENFP를 다 들여다보셨지만..나중에 진짜 제 머릿속을 들어와보시면 좋겠어요.. 지원자1...!!! ️
156,"꺅 enfp유형에 대해 설명해줘서 너무 반갑습니다. Enfp로 30년 살아온 결과 공감되는 내용이 많은데요.️️1.진짜 박학다식합니다..하지만 특히 관계&성장에 대한 지식->인문학,사회과학,영성,심리에 대해 관심이 많아요.애니어그램,mbti 책도 여러번 읽어봤죠 2.학창시절에는 관계에 호불호가 많아서 힘들었어요.어딜가나 절 싫어하는 사람과 절 좋아하는 사람들이 있었어요. 어릴땐 이런 제자신이 의아했죠.3.말실수가 잦은편 ->의식의 흐름대로 말하다보면 상대방이 상처받을 수도 있을만한 발언을 종종 하는 거 같아요. 근데 또 기분감지를 잘하는 편이라 사과를 바로 하는편4.안보이는 게 보인다? 이거는 제가 그 사람이 가지고 있는 결핍이나 어떤 미래를 그리고 있다는게 보입니다.사람을 종종 색으로 표현하기도 하구여 하지만 저는 영기가 엄청 뛰어난 편은 아닌거같아요5.새로운 것을 끊임없이 하는 것->저의 이런 성격때문에 이제는 의도적으로 하나를 끝마치고 다른걸 하려고 합니다.명상이나 매일 아침목표일지가 도움이 되더라구요.그리고 정말 신기한게 요즘 감독,pd나 에디터 이런 직업을 하고 잇는 사람들이 나와 결이 맞다는 걸 느꼈는데 영상에도 그렇게 말씀하시니까 더 확신이 드네요!"
157,와 진짜 저세요..? 하 너무 잘 설명해주셨어 알라뷰￦★￦ 고마워요어억 진짜 소름돋았어
158,"안녕하세요 엔프피입니다 일단 영상 보기전인데, 너무 재밌어여 감사합니다ㅑ"
159,"매번 엔프피가 나와도 부정하다가 주변 피드백을 보니 내가 맞구나,, 하고 인정하고 스스로를 탐구하고 있습니다. 제 평생의 과업이 될 것 같은데 뭐든 '깊이'가 다소 부족하다는 겁니다. 진득하게 하는 게 상당히 어렵고 조금만 어려워 진다 싶으면 포기해버리네요. 어떤 분야든 관심이 있지만 전문가급의 깊이는 없어요. 그게 제일 고민이고 개선하고 싶네요."
160,지나가는 ENFP입니다. 영상 재밋게 잘봤네요ㅎㅎ 밖에 날씨 너무좋은데??
161,형님 영상 정주행 하고 있는데 mbti 기반이나 해석이 매우 매력적이네요 구독하고 갑니다 혹시나 Intj 관련 인터뷰같은게 필요하면 제발 써주세요 헠헠
162,아 엔프피라 바로 들어왔는데 ㅋㅋㅋ 들을 수록 장기하님 같아요ㅠㅠ부럽지가 않아가 떠오르는 영상이었습니다 ㅋㅋ ㅠ !!
163,Enfp랑 잘 맞는다고하는 Intj도 보고싶어요!
164,와.. 맞아요! 제가 엔프피인데 머리에 뭔 별 이상하고 신기하고 다채로운 별의별 것들이 다 있는데 이걸 밖으로 어떻게 꺼내 설명해야될지 모르겠어요 ㅋㅋㅋㅋ
165,엥뿌삐 넘넘 귀엽고 텐션도 좋고 최고에요!-인프피-
166,영상 잘보고있어요~ ESTP도 올려주세요
167,직장에 enfp 후임 들어왔는데 신기해서 들어옴... 이렇게 특이한 사람 살면서 첨봤음
168,엣프피인데 놀러왔어요ㅋㅋㅋ교회에서 찬양팀/율동선생님 오래 하다가 어느날 뮤지컬 보게되고 반해서 덕질하다 연습생까지 했습니다.소극장 데뷔 목전에서 사정생겨 하차했지만요 ㅋㅋ암튼 연기패턴 격하게 공감해요^^
169,썸넬부터 귀엽따!!!!!!!! 지나가던 엔프피
170,enfp 영상 기다리고 있었어요 !!!!
171,인프핀데 엔프피 너무 귀여워요️
172,"주기능 NE(외향직관)때문에 16개 유형중 엔트로피가 제일 높은 유형ㅋㅋ 같은 자아 주기능을 갖고있는 ENTP도 높지만 ENTP는 호기심과 아이디어를 인과관계와 논리적인 분석으로 답을 찾아가며 정리해가는데 비해 ENFP는 1인 브레인스토밍마냥 끊임없이 영감이 번쩍번쩍 떠오르는 카오스 그 자체여서 아마 뇌에서 소비되는 에너지가 16유형중에 압도적으로 높지 않을까 추측함 그래서 타인들의 시선에선 특히 S유형이 볼 때 4차원 느낌이 강할겁니다NE를 주, 부기능으로 하는 NP유형들은 기본적으로 똘끼(?)를 장착하고 있다보니 똑같은 관종이미지여도 ESFP 혹은 EXFJ가 타인에 대한 호기심과 관심받고 싶은 마음에서 비롯되는 관종이라면 ENFP는 거기에 더해 NE에서 비롯되는 근원적인 호기심과 창의적인 똘끼로 선을 넘거나 관종이미지로 비치는거라 생각함 근데 FI(내향감정)때문에 겉모습과 달리 속으론 타인이 상처받진 않았을지 늘 고민하고 혼자 끙끙 앓기도 하고 참 귀여운 유형이져 틀을 뒤집는 생각지도 못한 비범한 아이디어를 떠올려서 모두를 놀라게 하기도 하고"
173,대화주제 확 바뀌는거 정말 맞아용ㅎㅎㅎㅎ 엉뚱하다고  얘기들었던것 같기도 하고 너무 생각이 많아서ㅎㅎㅎ 누가 정리 좀 부탁해
174,최근들어 I -> E로 왔다갔다 하고있는데 솔직히 큰그림이라는게 어떤 큰그림이라는건지 잘 와닿지는 않았지만인간관계에서 사람의 내면까지도 보고있다는건 확실한것같습니다..저도 모르게 주변 친구들이나 지인들하고 대화하다보면 그 말과 행동속에 숨겨있는게 보여서 물어보면 놀라더라구요 ㅋㅋㅋ이건 진짜 신기하네요 재밌땅그리고 말실수관련해서도..차라리 말을 적게하면 말실수를 덜하지않을까 싶어서 과묵한 NFP가 되버렸습니다근데 누가 스위치 누르면 나도 모르게 빵빵터짐 ㅋㅋ
175,친구들끼리 여행 계획짤때전부다 여행경로 루트 짠다고 회의하고 있을때 혼자서 차 시간 먼저 알아봐야 할것 같은데. . .하고 딴 고민함 그러다 낼 첫차 몇시지? 라고 뜬금포 터트림 모두가 벙쪄있고 걔중에 센스있는 친구가 의도를 눈치까고 분위기 잘 이끌어주면 시간 이야기로 흘러가고 아니면 맥락 못짚는놈 취급 받음 내 생각엔 엔프피는 머릿속이 엉켜 있다기 보단 현시점보다 생각이 한참 앞서가있는데 그걸 유연하게 표현할 언변이 부족하고 직설적이지 못한것 같음
176,겉으로는 노는거 좋아하고 공부도 못할거 같은데막상 시험상위권은 엔프피가 많음심지어 우리반은 2등부터4등까지 엔프피임
177,저를 ㅋㅋ 정확하게 말해주는곳은 처음보네요 ㅎㅎㅎㅎㅎㅎㅎㅎㅎㅎㅎㅎㅎㅎㅎㅎㅎㅎㅎㅎㅎㅎㅎㅎㅎㅎㅎ 구독 좋아요 하고 갑니다.
178,진짜 진짜 너무너무너무 다 맞아여…휴️
179,저는 ISFP고 남친은 ENFP인데 골든리트리버 보는 것 같아요ㅋㅋㅋㅋㅋ너무 귀엽고 엉뚱하면서 눈치도 빠르고 다정하고 좋아요ㅋㅋㅋㅋㅋ다만 텐션이 너무 높아서 기가 빨릴때가 있긴하지만 그것마저도 스트레스가 아니라 사랑스럽달까요...?귀엽습니다.
180,엔프피 인데요 정리되지 않은 내용들이 머리속에 둥둥 떠다니다가 갑자기 파바박하고 조립됩니다.
181,"와 진짜 박수쳐드려요. 우연히 isfj 해설 보고, 이때까지 본 mbti해설 중에 제일 명쾌해서 저 자신에 대해 궁금해서 찾아왔어요. ESFP ENFP 두개가 왔다갔다 하는데 해설보니 저는 엔프피가 맞네요. 사차원 관종... 의도치 않게 선넘고 곧바로 사과 ㅠㅠ"
182,여기만큼 나를 그대로 표현해주는건 처음이라..
183,엔프피 너무 귀여움 ️️️
184,"엔프피가 늘 듣는 말 여기에 다 나왔음ㅋㅋㅋㅋㅋㅋ 우리엄마가 맨날 나 보고 연구대상이라 하고, 최근에 친구는 내 머릿속익 궁금하다 했음.. 나름 정리를 해볼려고 노트 펼쳐서 적어도 중구난방으로 적음.. 그냥 내 머릿속에 있는 게 더 편한 느낌난 말 습관 중에 하나가 “이거 보니까 갑자기 떠오른건데..” 아니면 “갑자기 생각난건데..” 임.. 진짜 엔프피는 생각이란 걸 안 해본 적이 없어서 갑자기 아무관련 없이 팍 떠오르고, 관련 에피소드가 재밌으면 말해줘야 함.. 그리고 어떠한 물건이 어떠한 에피소드랑 조금이라도 연관이 있으면 그냥 막 떠오름"
185,너무 똑같아서 너무 웃겨요 ㅋㅋ만신창이 ㅋㅋ
186,진짜 너무 대박이네요.. ㅋㅋㅋㅋ
187,진짜 맞음 머리에서 생각이 미친듯이 돌아서 맨날 듣는 말 “갑자기..?”
188,지나가는 인팁 엥뿌삐에 대해 말하자면엥뿌삐들 글로만 접했을때는 기빨리고 피곤한 성격이라 안맞을줄 알았는데 막상 만나보면 가장 잘맞는 조합일단 인팁인 나는 먼저 다가가는게 어려운데 엥뿌삐들은 긍정적인모습(공격적이지 않다고 해야하나)으로 먼저 다가오니 첫만남에 유리했음. 그리고 말이 많아서 피곤할때도 있지만 같은 N이라 그런지 흥미로운 주제거리를 먼저 꺼내줘서 대화하기 편함.글 마무리 하면서 유일하게 맘줬던 전여친도 엥뿌삐였고 어쩌다 한번보고 말 사이인 상황에서도 친해져서 좋은 관계 유지하는 주변인들도 다 엥뿌삐더라엥뿌삐 귀여워..
189,예술적인 거 저도 공감하고 갑니다 ㅎㅎㅎㅎ
190,해당 영상을 보고 저의 행동 거의 99% 정도 다 맞는 말입니다....다른사람이 그 내용 말하는데 저는 다른말 꺼내서 이상하게 흐러가는 경우가 있었습니다ㅠㅠ내용 정리 하는것도 어려워요 그래서 오해가 생기는 경우도 빈번해요...
191,기다리고있었습니다~만화주인공 보면 엔프피가 많죠엉뚱발랄하지만 마음은 깊은 유형
192,"엔프피인 제가봐도 엔프피는 미지의 세계에 있는 존재같네욬ㅋㅋㅋㅋㅋㅋㅋ 너무 가벼운데, 뭔가 깊어...."
193,제 자신을 설명 잘못하고 하고 싶은 말도 잘 조리있게 못하는데 그런걸 너무 설명 잘해주셔서 앞으로 주변 사람들한테 이 영상을 보게 하면 될거같아요 ㅋㅌㅋㅋㅋㅋㅋ
194,저 enfp인데 완전히는 아니지만 너무 잘맞아요!!
195,"진짜 영상 처음부터 끝까지 너어어어어어무 공감돼요ㅠㅠㅠㅠㅠㅠ 으악 이 공감을 주체할수 없어…… 이렇게 엔프피를 잘 설명해주시다니,,,,ㅠㅠㅠ 자기소개서 같아요,,,, 지인들한테 보내는중,,,"
196,"엔프피인디 갑자기 다른말을 하는 이유는무언가를 말 했을땨 그 키워드와 비슷한 키워드를 가진 이야기나 가억 경험들이 떠올라 말하고 싶어져,입밖으로 내보내는 것 같아욜"
197,저 그래요.. 올해 책 30권 읽었는데 읽은 책 정리보다 새책보는 게 더 재밌어서 정리를 하다가 미뤄요꺄륵...ㅋㅋㅋㅋㅋㅋ
198,"아 비유 정말 잘 맞습니다그래서 혼자 주기적으로 생각을 정리하는 시간이 필요해요그때의 공기, 그때의 느낌 어쩌면 어디서 본 것의 유사성, 차이점, 어디서 부터 갈래가 생긴 건지 하는 것들이요아예 본질적으로 분류를 하고 싶어해요 그러다보니 청소를 할 때 대거 청소를 해야 하기에 진짜 당장 필요하거나 아주 오래동안 흥미를 끄는 거, 나의 관심사로 자리 잡은 거 먼저 처리해버려요, 그런데, 정리할 때 분리수거처럼 딱 딱 딱 정리되는 게 아니고 모든 물질이나 감정이나 성질이나 추상적 개념들이 스펙트럼처럼 연속적인 선위의 특정 위치에 존재하는 것 처럼 느껴지기 때문에 다른 유형들이 생각을 한번에 처리해버리는 게 정말 대단해보입니다.그리고 또 깨달은 거나 생각하는 게, 문자로 정리가 안되는 이미지 일 때가 많아요. 그래서 적절한 단어를 찾는데 시간이 오래걸려서 말이 횡설수설 나오게 됩니다 ㅋㅋ 같은 맥락으로 필요한 말을 딱딱딱 하는 타입을 보면 존경심이 나와요."
199,"지나가던 엔프피입니다. 일단 갑자기 얘기듣다가 자신의 경험에 의한 다른 주제가 생각이 났는데 지금 얘기 안하면 안될 것같은 충동, 기억났을 때 말해서 빨리 웃기고 싶다는 생각이들어 얘기하거나 지금 이 순간이어야해서 하는 경우가 종종있습니다. 이를테면 친구 남친이 바람핀썰 듣다가 뒤에 다람쥐가 지나간다던가.. 아 오늘 아침 뭐먹죠 그래서?"
200,아 엔프피 올려주셔서 감사합니다 선생늼 ️
201,"Enfp로 살면서 대체적으로 안맞았던 유형: Entj (안궁금한 자기얘기 너무 많이 함, 본인의 완벽주의를 강요함) Estj (가볍게 어울리기엔 괜찮은데 상처주는 언행때문에 정말 친한친구가 될수는 없었음) Intp (다가가려해도 혼자 땅굴파고 들어가서 안나옴..)반대로 잘 맞았던 유형은Infj (내 얘기 재밌게 들어줌, 본인얘기를 잘 안해서 호기심 돋게 함, 상호 배려하는 사이)Intj (엔프피가 환장하는 츤데레.. 내면의 따뜻함을 알기에 이사람이 차갑게 말해도 상처 안받음)Estp (편견이 없어서 엔프피가 하는 이상한 소리도 장단 잘 맞춰줌)물론 사람마다 다 달라서 100% 적용할 수 있는 건 아니지만 대부분 저는 이렇더라구요 ㅎㅎ"
202,나는 보는거마다 관심이 많아요. 유튭에서 보는거마다 관심 가지고 자세히 알고 싶어해서 꼭 찾아봐요.
203,설명은 잘하는편ㅎㅎ 생각해보면 어릴때 4차원 얘기들었던게 ㅎㅎ 사주랑 별자리도 enfp랑 연결이되요 ㅎㅎ 사주에 신끼소리들어봄ㅎㅎ
204,하고 싶은건 많아 보이는데 시간이 지나고 정작 물어보면 마무리되는건 없어 보이는 성격인듯시작은 있으나 끝이 흐지부지한 성격인거 같아요심지어 본인이 머머 하고싶다고 한거 나중되서 물어보면 그런말을 내가 했어? 라는 대답은 듣곤 함 ㅋㅋ
205,영상 기다리고 있었어요 ㅋㅋㅋ  ENFP인 저도 가끔 제 머리가 궁금하답니다 ㅋㅋ 어디서 책값 만원 지원해준다해서 책 뭐사지? 하다가 갑자기 조주기능사 문제집사서 조주기능사 따야지! 하면서 시험까지 접수하고 공부중입니다 ㅋㅋㅋㅋ 따겠죠..?ㅋㅋㅋ
206,"너무 잘 맞아서, 맹신하게 되네;; 이것저것 얘기하는건 1.이전에 하던 얘기 텐션이 떨어져, 텐션을 올리기 위한 화제전환 2.전혀 연관성 없는 화제전환은 아니고 상대가 공감할수 있는 것으로...여튼 내용이 딱딱 맞아서 신기했네요~ㅎ"
207,와~~재밌다~~ㅋㅋㅋㅋㅋ
208,"엔프피에요 A에 대한걸 얘기하면서 B,C,D꺼지 머릿속에 빠르게 생각이지나가다가 E얘기가 바로 나오는 거에요 밑에분이 원숭이 엉덩이 빨게 노래로 빗대셧는데 덧붙이자면 원슝이 얘기를 하면서 사과 바나나 기차까진 내머릿속에만 생각하다가 입밖으론 빠르면 비행기가 나오는거에요 ㅋㅋㅋㅋ"
209,"ENTJ도 다뤄주셨으면 좋겠습니다 ,,!"
210,보는 내내 이해찬 최연준 생각밖에 안 나서 웃다가 죽는 줄 알앗습니다... 너무 맞는 말. 특히 최연준씨. 박박 사랑스러운 사람.
211,매번 esfp enfp 돌아가면서 나오는데 영상보니까 더 헷갈리네요ㅠㅠㅋㅋㅋㅋㅋ
212,엔프피인데ㅋㅋㅋㅋㅋ저거 다 맞아요ㅋㅋㅋㅋㅋㅋ진짜 겁나 족집겤ㅋㅋㅋㅋㅋㅋ
213,제 사찰 영상인거같은데 당장 내려주세요.10년째 엔프핀데 그냥 저네요..이런거 조와하는 사람으로서 엔프피 정말 기자리고있었는데 완벽합니다 박수짝짝
214,신기하네요 정말 안하려고 피하고 도망쳐도 결국 재능때문에 하게 된 건데 성향과 관련있다니 신기할 따름이에요
215,맞아요 설명까지 하기엔 넘  귀찮….. 말한참 하다 갑자기 귀찮아지기도 해요 ㅋㅋ
216,아 재밌다눈치 진짜 백단인데 속으로만 알고있다~집단에서 가장 아무 생각 없어보이지만 그 무리에서 가장 많은 걸 알고있을겁니다 ㅋㅋㅋㅋ근데 넘 관심있는게 많아서 그냥 머릿속 서랍에 박아두고 그때그때 흥미롭고 관심있는거 하고 있는거 ㅎㅅㅎ 호불호 갈리는 것도 진짜 너무 공감ㅜ.ㅜ나 조아해조~!~~!🫠나쁜의도 없는 말실수 자주하고 상대방 기분나빠하면 바로 말 고치고 빠른인정과 사과항상 enfj가 되고싶어한다그래도 난 내 아이같은 면 할머니될때까지 가지고가고 싶다! 엥뿌삐 엔티제 되는 그날까지 나는 플래너를 쓴다.!️‍
217,저는 맑고 밝은 엔프피가 좋아요엔프피와 함께라면 어렵고 힘들 때도 웃음이 나오는 것 같아요ㅎㅎ 어떨 땐 매우 진지하고 통찰력 있는 모습을 보여주기도 하는데 그 모습도 반전매력이에요!
218,제 머릿속에 이미 들어갔다 오신것 같습니다...보다가 정곡찔림 ㄹㅇ
219,대박 다 공감이요... 그리고 그런 저랑 2 년 넘게 사귀는 남자친구가 isfj인데 남친편도 대박 공감이요 ㅋㅋㅋㅋㅋㅋㅋㅋ
220,인팁입니다.제가 살아오면서 enfp친구들을 정말 많이 만나보았는데 크게 묶자면 두종류가 있던곳같습니다.매사에 긍정적이고 적극적인 친구와 잔잔히 가만히 보며 다가가도 피하지 않는 사람.하지만 둘다 가까워지며 이두개가 섞여서 나옵니다. 언제는 매번 절 끌고 다니면서도 언젠가 부터는 제가 끌고 다닙니다. 제 생각에는 갭차이가 꽤 있다고 생각해요. 둘이 있으면 조용해지는 편이라 제가 말을 많이하는데 여럿이 있으면 에너지가 갑자기 화악! 그런 enfp들은 정말 좋은것같아요.생각이 자유로운 저의 말들을 남들과 다르게 섣불리 이상하다고 하기보단 이해해주는 편입니다! 그리고 말할때 주제가 확확 바뀌는건 저도 그래서..허허 아주 잘맞아요!
221,엔프피형에게 가장 잘 맞는 분야가 어디일까 고민해봤는데 공부인것 같습니다. 막상 또 하면 잘하기도 하고요. 엉덩이 딱 붙이고 입좀 다물고 공부시간 늘리면 꼭 성공할것입니다. 물론 외로움을 이기는게 젤 힘들겠지만요
222,맞아요. 계속 발생? 만들어지니 진득히 정리할시간이 없어요. 또 다른건 사람은 하나하나가 다른데. 이해시키려구 하지 않는다는거.
223,와ㅏㅏㅏㅏㅏㅏㅏㅏㅏ 사찰당하는 줄 알았어요... 소오름! ㄷㄷㄷㄷㄷㄷㄷ
224,남친이 엔프피인데 넘 남친 얘기라 소름돋아요 ㅋㅋㅋㅋ ㅠㅠ 매번 엔프피는 꽃밭사차원으로 나와서 남친이랑 매칭이 안됐는데 참 본질은 뼈엔프피네요 ㅋㅋㅋ
225,"Enfp머리속에  들어가는 방법으로 엔트맨처럼 원자 단위로 들어가는 방법과 만화적 표현처럼 머리에 문이 열리고 들어가는 방법, 인사이드 아웃처럼 행복이한테 물어보는 방법, 거울보고 혼자 대화하는 방법, 혼잣말 하는 방법(2개의 자아를 가졌다고 가정한뒤) 등이 있다"
226,ㅋㅋㅋㅋㅋ ㅋㅋㅋㅋㅋ 궁금해서 찾아봣는데 진짜 똑같네요대박
227,차피 먹어본 사람들만 그 맛을 정확히 이해하고 기억하고 있는 거라 굳이 내가 설명을 어떻게 하던지 듣는 사람은 그걸 알 수가 없다는 생각에 그냥 맛있다고 뭉뚱그리는 것도 있어요. 저는 약간 '배우 김태리에게 영화 <아가씨>란? 배우 김태리에게 영화 <1987>이란?'에 대해 대답하는 느낌이랄까요. '그냥 그렇다. 실제가 그런데 뭘 더 설명해. 내가 그렇다니까.' 라는 느낌... 이렇게 이렇게 설명하고 싶은데 어차피 설명해도 모르니까 그냥 나도 생각하는 걸 포기한다. 그래서 항상 앞이 없거나 뒤가 없는 말을 해요. 그게 말 실수가 될거라는 걸 나이가 들고서야 알게 되서... 요즘에는 부연설명처럼 말을 붙이는 습관이 생겼습니다. 뜬금 알고 싶은게 생기면 그걸 계속 파다가 파고 있는 중에 알고 싶은게 또 생기면 그쪽으로 방향이 달라지고 그렇게 여러번하면 그냥 쉬고 있는 절 발견하게 됩니다.ㅎㅎ
228,저는 원래 INFP였는데... 최근에 그것도 몇 시간전부터 무료 MBTI 웹사이트에 있었던 공식 질문들이 싹 다 바꿔져서 지금은 저의 유형은 ENFP가 됐습니다. 기분이 참 묘하네요... 아무튼 신입 ENPF입니다. 잘 부탁합니다...
229,사실 뭔가 알것같고 느껴지는데 그게 왜 그런지는 모르기때문에 엉뚱해보이는게 아닐까 해요. 근데 나중에 자기가 본게 맞으면 자신의 촉에 스스로 놀라기도 해요. 그래서 약간 바보같이 위장하기도 합니다.
230,0:45 무방비 상태에 맞는말 들어서 빵 터졌어요 ㅋㅋㅋ
231,마구마구 인정 
232,우왕 엔프피인데 나랑 같은 사람들이 지구에 존재한다니
233,보는 내내 너무 웃었어요 ㅋㅋㅋㅋ 딱 저라서!!
234,감탄하고갑니다..
235,"오래전에 저에게 누군가가 말했어요~ 넌 참 크게 본다고, 큰 그림으로 본다고  넌 나무를 보는게 아니라 숲은 본다면서그땐 이게 무슨 말인지 몰랐는데 영상을 보며 그 얘기를 들은 생각이 나면서.. 그 분이 참 대단하다 싶어요 ㅋㅋ어찌 알았지...저와 오랜 인연도 아니었는데 말이죵 ㅎ아무튼 인정하게 되는게 많은 꽤 괜찮은 분석이라 깜놀했습니다~ 재밌게 봤어요. ^^제 나이가 어쩌다 벌써 40세이지만 ㅠ 내 자신의 특성에 대해 더 잘 알고 싶어서 봤는데, 앞으로 살면서 도움이 될 것 같습니다. 나를 인정한다는건 자존감이 높아지는 비결이기도 한 것 같아서요~~영상 감사합니다!! ^^"
236,Enfp 은근히 똑똑하던데 ㅋㅋ
237,엔프피입니다무언가 머릿속에 있을것 같다 또는 재 또 저런다 뭐 그 보다 심한 말들도 많이 들었지만주변에 스트레스 받아하셔서 떠나는 사람들도 있지만 반면에 같이 지내는데오래가면서 롱런합니다 뭐 저의 뿜뿜한 매력이라고는 말하기 좀 부끄럽지만 큰그림도 그릴줄 아는 피카소랄까요 허허허허허
238,역시 엔프피 최고야 짜릿해
239,인프피인데 어색할 때도 어느말이나 해서 대화를 이어나가는게 부럽습니다.
240,인프제인데 이유형이 가장 신기하고 뭔가 같이 있으면 편안하고 즐거움
241,"저(ISTJ)와 가장 잘 맞는 ENFP유형이네요^^ 기브앤테이크 잘 되고, 솔직 담백해서 좋습니다♡ 저는 사람들과 있을 때 어색한 거 잘 못 참고, 오디오 비는 거 너무 어색해서 아무 말 대잔치 잘 하는데, 엔프피와 그런 면에서 너무 잘 맞아요^^ 첫 만남부터 TMI 주고 받으며 공통점 생기면 맞장구 잘 치고, 그렇게 항상 친해집니다^^"
242,친동생 성향이 esfp enfp 섞였는데 썸네일그림이 동생 생각나네요... 성인이기는 하는데 아직도 귀여워요... 썸네일 그림처럼...
243,와 대박 감사합니당
244,"ㅎㅎㅎㅎㅎ 말 진짜 많고, 누굴 만나도 이야기 꽃 피울 자신이 있음ㅋㅋ 실전에 강한 편이라 말싸움하면 갑자기 머리가 쌩쌩 돌아가면서 위기대처기능이 발휘되어 상대를 나의 논리로 수긍 시킴ㅋㅋ 그냥 지나칠 수 있는 일상도 재미있는 에피소드로 잘 해석시킴ㅋㅋ 좀 재밌고 웃긴 사람들이라 사람들 만나면 잘 융화됨ㅋㅋ 머리속에 가득한 썰을 당장 풀어놓고 싶으며, 내가 스스로 깨우친 이 정보들을 어떻게든 모두에게 알려주고 싶음ㅋㅋ 나 자신을 생생정보통으로 착각하며 삶ㅋㅋ 정말 다방면에 관심이 많아서 사람들보다 한발 혹은 두발도 빠르게 앞서서 정보를 잘 모음ㅋㅋ 그래서 모르는 것이 없는 편이라 여기저기 끼기를 좋아하니 잘난척 한다고 재수없게 생각하는 사람들도 종종 있음ㅋㅋ 처음엔 날 싫어했는데 나중엔 좋아하게 되어 오랫동안 관계를 맺은 경우도 많음 ㅎㅎ (상대가 나를 싫어해서 욕하고 다니고 했던 것들이 상대가 나에게 마음문을 열고 다가와주면 또 좋다고 친해지는 엔푸피…ㅠㅠ 어쩌면 조련 당하고 있는 걸 수도..ㅠㅠ) 첫인상은 가볍게 느껴질 수 있음ㅋㅋ 꾸미는 걸 너무 좋아해서 좀 철없어 보이기 때문 ㅎㅎ 그러나 속을 들여다보면 상처도 많고, 공감과 여러 각도로 깊게 생각하는 편이라 의외로 성숙하고 지혜로움!! 그런데 끝을 잘 못 맺는 편이라 중간중간 새로운 무언가가 떠오르면 앞뒤 안보고 일단 그걸 해야 직성이 풀림 ㅎㅎㅎ 덕후들이 많음ㅎㅎㅎㅎ (메이크업, 패션, 영화, 헐리웃 등등~~ㅎㅎㅎ 만약 엄마가 되었다면 육아쪽으로 엄청 정보력 있을 가능성 높음ㅋㅋ)"
245,호기심 관심분야가 계속 바뀌고 한가지 일을 오랫동안 하는게 너무 지루하고 힘드네요자격증도 사회복지 유아교육 보육교사 요양보호사 있고 최근 또 청소년상담에 관심이 생겨서 알아보고 있습니다 ㅠㅠ인내심 많고 계획적이고 진득한 분들 부럽네요ㅜㅜ
246,estp도 얼른 보고시퍼요~!!
247,엔프제 유형도 기다리는중.8ㅅ8 얼른오셔요~
248,엔푸피는 사랑 그 ㅈ ㅏ체~~~ 즉 나는 사랑 그 ㅈ ㅏㅊㅔ~~ 사람 얘기가 젤 재밌어요️사람 여행을 즐긴달까나~~~ 인간이 드글드글한 이 세상은 엔푸피에겐 전부 탐색 대상입니당ㅎㅎ 그래서 그릉가 휴먼다큐를 좋아하구 요즘은 원시부족 유튜브 섭렵 중~~~
249,엔프피인데요. 저는 아침에 일어나면 그 때부터 머릿속에서 수만가지의 생각을 합니다. 어떨 때는 이런 순간이 싫을 때도 있어요. 그냥 그렇다구요 이것도 갑자기 생각이 났어요
250,아 맞아욬ㅋㅋㅋ 알고 있긴 한데 정리를 안해서 잡지식이 돼고는 하죸ㅋㅋ
251,수많은 기억과 경험이 머리에서 안 사라지는 유형이에요. 저 같은 경우 그림 단어카드 처럼 저장되어 있는 듯 한데 오래된 기억이 넓게 쭉 있다가 이야기하거나 관련일을 생각할때 관련 영상이 한꺼번에 쭉 연결연결 꼬리를 물어요
252,Intj인데 원래 사람이랑 어울리는거 재미없고 싫어하는데 유일하게 가치있으면 재밌고 너무웃기다 생각한 주변사람들다 enfp더라구요 ㅋㅋ 흥미롭네요
253,"Enfp 보니까 어느 사이트에서 만화가 중 오다 에이이치로, 토리야마 아키라, 아라키 히로히코 등이 그쪽일 거라고 제일 많이 추정하건데 확실히 아라키 작가는 만화 띠지 코멘트나 일화 등을 보면 호기심 많아서 사람 관찰하고 상상하는 거 좋아하는데다 30대까지 벨튀 즐겼다는 일화보면 enfp 느낌이 듦...아니면 enfj이거나"
254,와 이거 대박입니다
255,귀욥다.. 귀여워...
256,엔프피 남자 짝사랑하는 엔티제여자 입니다.엔프피들 특유의 밝음이 너무 좋아요..️
257,그동안 내 머리가 좋아서 생각도  빠르고 통찰력도 뛰어난줄 알았는데그냥 빼박 ENFP  였던거네요ㅎㅎ 근데  IQ EQ가 높아서 ENFP가 된건지ENFP라서 둘다 높은건지아시는분?
258,엔프핀데요 ㅠㅠㅠ 저도 제가 이해가 안갈때 이걸 들으면 먼가 풀리고 그냥 힐링이에여 ㅜㅜㅜ 평소 제 생각은 지하 마그마를 뚫고 지구 내핵까지 가는데.. 주변사람들은 그걸 몰라요 ㅠㅠ ㅋㅋㅋㅋ
259,와 대박이시네? 정확하신데
260,모여라 엔프피!!!!
261,엔프피로써 체력이 안될때가 많아 힘들다 ㅜㅜ 저지른 일들 언제 다해 근데 안하면 심심해 못참아 ㅡㅜ
262,00:40 보자마자 재생목록에 추가하고 좋아요 구독 했쑴니다 마저 보고올게요
263,그림이 너무 귀여워
264,"ENFP 입니다.무리중 항상 핵인싸이지만,내가 무슨말을 하면주변에선, “갑자기?!!“이런말 할때 많아요ㅋㅋㅋㅋㅋㅋ이번 엔프피 분석 완전히 나네요"
265,"엔프피로써절 좋아하는 사람은 절 아주좋아해요착하다,배려심 너무 깊다,재밌다 등등근데 싫어하는 사람은 절 아주 싫어해요;;엉뚱하던가,덜떨어지는 면때문에?싫어하는 사람하고 좋아하는사람이 극심하게 나뉘더라고요."
266,진짜... 맞넹... 설명너무잘해주셨넹 ㅎㅎ 사람은 16가지로 나누기엔 부족하지만 나름 분류 잘되있는것같아용
267,에휴 엔프피로서 학창시절때 갑분싸를 많이 느끼고 혼자 자책도 많이 했었는데 ㅠㅠ 이게 스파크형이라 그런 거군요ㅠㅠㅠ 스파크형 그거 완전 ㄴㅇㄴ인 게.. 공부할 때 갱장히 쥐약입니다 핳ㅎ 이 댓글 쓰는 거 조차도 정리가 안되는 거 같아 신기하네요 ㅋㅋㅋㅋㅋㅋㅋㅋㅋ 원래는 정리하고 글 쓰는데 엥뿌삐인 만큼 그냥 두고 갈게여!!!!!!! 내 특성이야아아ㅏㄱ영상 잘봤어요️
268,반대로말하면 남한테 상처주는 방법을 너무 잘 알고있지
269,Enfp인데 enfp인 제가 넘 좋아요 
270,진정 의식의 흐름을 몸소 보여주는 enfp군요 ㅎㅎ
271,엔프피로써 생각하는게에..갑자기 유튜버이야기를하다가 뉴스이야기로바뀌고 또 자연이야기로바뀌고 게임이야기로 바뀌는 식이에요! 끝이 없어요.이야기를 안하면 입이 지루해져욬ㅋㅋㅋ 그리고 기분이 우울한상태로 집에가고있는데 내 단짝만나면 기분 바로좋아져욬ㅋㅋㅋ+ 엔프피 싫어하는사람 많다는데 내주변에는 내가 친구인게 너무자랑스럽ㄷ...
272,엔프피.. 초딩 때 마인드맵 그리기 할 때 애들이 왜 어려워 하는지 몰랐어요... 그냥 냅다 생각나는대로 갈기면 되는데
273,귀엽네ㅋㅋㅋㅋ
274,넘 재미따 히히
275,망상에 망상에 망상이 이어져서 그럽니다아 !!! 그리고 정리가 안되었다기보다 저는 망상하고 의심하고 그생각을 또의심하고 그러다 밤을 지샙니다!!! 그리고 겉으로 보기에 가벼워보이지만 의외로 진중하고 복잡한 생각을 많이합니다!!!
276,ENFP 입니다. 3:25 저희도 뭔가 있는것같은데 뭔지 모르겠습니다.
277,인프피인데 엔프피랑 있으면 너무 즐거워요 ㅋㅋㅋ 갑자기 맥락없는 얘기 하는거 같아도 들어보면 절대 아님 ㅋㅋㅋㅋ
278,그림이 귀엽다
279,"저는 완전 찐F,p에요~ 완전 ENFP라는거~ 특이하다란 말좀 많이 하더라구요. 궁금한거 많고  사람에게도 관심많고 아 남들이 못보는거  보는거 같아요. 노래도 좋아하고 남들이 여러번 노력래야한다면 예능쪽은 많이 타고난면이 있는거 같아요. 노래, 체육, 미술 이런 감각이 좋은거 같은데  사람관계도 잘파악하죠. 간단하게 등산을 할때, 운전할때  길을 모른다 해도 큰그림을 먼저 머리로 띄우고. 큰그림을 그립니다. 짜잘한거에 잘흔들리지않고요. 당장 손해보는것같이 행동하지만 남들이 봤을땐 비웃을지도. 근데 정말 크게 봅니다. 대충넘기지만 핵심은 늘 생갇하고 있기에  사기당하는일음 없죠 ㅋ 산만하고 시끄롭지만 속마음은 다 중심을 보고 있다는거예요"
280,오ㅋㅋㅋㅋㅋㅋ 엄빠랑 신발을 고르는데 신발 바닥이 바다야! 원래 내 신발은 수영장인데 이 신발은 바다같아! 이랬는데 동생이 뭔 소리야 했고 엄빠도 다 뭔 소리야 했는데 아빠가 신어보고 이해함ㅋㅋ 근데 그 신발은 진짜 바다같았는데
281,엔프피들은 정말 사랑스러운 것 같아요 .. 가까운 사람이 엔프피여서 매일매일 보는데 봐도봐도 질리지 않고 볼수록 좋아요 대가리 꽃밭이라는 것조차 단점이라기보단 긍정적으로 사고하고 밝은 기운을 항상 내뿜는단거니까 전 진짜 오히려 그런 면이 더 좋게 느껴져요 저는 자주 우울하고 부정적인 생각에 빠지는데 엔프피랑 있으면 저한테까지 좋은 에너지가 들어오는 느낌이라서 좋습니다 .. 
282,ㅇㅅㅇ.....슈발 새로운지식이 또들어왔군
283,아니이 진짜 방에 물건짱많은데 또 새로운거산것까지 어캐아셨지......정리안되는것도어캐아신거지이이이이잉 엔프피사찰당햇써열ㅠㅠ
284,"E: 욕심이 많아서 하고싶은게 많고 관심도 많으며(참견을 좋아함), 앵무새같이 말도 많은 유형이지만, N :겉으로는 외향적으로 보이는 내적으론 극소심형; 그리고 게으르다"
285,엔프피 귀여워 재잘재잘 하는거 보기좋아
286,찐천재..
287,"3:23 저는 예를 들어서 코딩테스트 준비를 하던 중, 문제에 등비수열 내용이 나오면서 공차 얘기가 나오면 공차 마시러갈까 하면서 냅다 산책나가서 공차앞까지 걸어가다가 담배피는 사람이 가는길에 있으면 냅다 유턴해서 다시 돌아와서 해당 문제를 푸는..그런 편입니다. 대충 이유는 있단 소리죠."
288,엔프피 여자 진짜 귀여움 ㅋㅋㅋ
289,안하려했으나 하다보니 운명적으로 예술하고있는 ENFP 여기있습니다
290,근데 엔프피도 아닌데 어떻게 저렇게 자세히 아시지? 나도 몰랐던 내 특징을 좌라락 설명해주니까 넘 신기하고 재밌움
291,엔프피 너무 조아하는 인프제입니다..... 넘 조아ㅠㅠㅠ행복해ㅠㅠ
292,저희집은 4남매인데 전원 엔프피 & 엔팁입니다. 관심없는게 없어서 집에 거의 모든 분야의 책이 있습니다. 취미나 대화주제도 항상 겹칠수밖에 없습니다. 올라운더니까요 ㅋㅋㅋㅋㅋㅋ 그리고 한번 어떤 주제로 토론이 시작되면 기본 4시간 길면 8시간까지 앉은자리에서 결론이 날때까지 이야기합니다.
293,enfp 매력있음. 엉뚱발랄 개인적으로 enfp의 엉뚱함의 맥락을 어느정도 이해할수는 있음. 내가 infp라서 그런가
294,너무 공감인게 토론할 때 아는건 많은데 정리를 못 하겠음 ㅋㅋ
295,엔프피 입니다 다른 유형들 들으면서 뭐야 나두 그런데 다 비슷비슷하게 말하는거지모 이랬는데.... 이거 듣다 현웃터지네요 ㅋㅋㅋㅋ
296,"I really like your channel, is it possible to have English subtitles for most of the videos that we would understand more about how you analyze MBTI?"
297,엔팁 댓글 보다가 엔프피 댓글창 오니까 이모티콘 많은 거 개웃김ㅋㅋㅋㅋㅋ
298,아주 영상보다 웃다 울다 감정 요동 부르스제머리속이 궁금하다면 언제든 환영입니다관심가져주셔서 너무 좋아요!!!오늘 이 채널 알게되서 두시간째 보다가 운동 못갔는데 남편이 카톡으로 운동 다녀왔냐고 물어보네요..? 이런 또 게으른 사람이 되어버린거 같은데..이참에 이 채널 소개해줘야겠어요!! 하지만 제 남편은 관심도 안가질걸여.. 하 근데 제남편 넘 귀여워요ㅠㅠㅠㅠ
299,맥락 없고 주제 끊기는거 제일 싫어하는 엔프피인데ㅠㅠㅠㅠㅠ 항상 그 내용을 말하는 이유나 목적이 있는데..ㅠㅠㅠ 언제부턴가 몇몇 다른 사람들한테는 아예 다른 대화라고 느낄 수 있겠구나 싶은 생각이 들어서 슬퍼요 그래도 끝까지 대화해주는 사람들 고마와…
300,Isfp인데 enfp 친구 보면 두뇌회전이 빠른거같아요~ i인 저는 나가기만 하면 에너지가 소모되는데 e라서 그런지 확실히 나가는거 좋아하고 사람만나는 거 좋아하구ㅋㅋ isfp와 100프로 맞지는 않지만 매력있고 멋진 사람들 같아요
301,인팁으로서 정말 깊게 아는 엔프피 봤는게 진짜 감탄함 대부분의 엔프피가 너무 다양한걸 좋아해서 아무것도 모른다는 생각이 들때가 있음 안다해놓고 한단계만 깊이 들어가면 모름 인팁이 좁은 영역을 더 깊게 파서 겉만 아는건 모른가고 하는데 엔프피는 조금 알아도 안다고함 잘 알지는 못하는게 대부분 그래서 진짜 깊게파는 엔프피는 최강같음 이유형의 몇몇 분들은 사람도 쉽게 오해해서 좋아하고 쉽게 오해해서 미워함 그래서 이해의 폭아닌 깊이를 파는게 필요한 유형같다
302,헐 맨날 계속 보다 이건저것 상상하다 지쳐요 헐 5차원까지 들음;;; 헐 호불호까지 머야 헐 머야 사과 
303,인프피에서 엔프피로 바뀐 사람인데 인프피랑 인프피랑 섞여있는것 같아요 ㅎㅎ 엔프피 영상도 공감가고 인프피 영상도 공감가고…ㅎㅎ
304,ENFJ 존버중이에용...!!!!
305,길님 엔프피 머리 속에 들어가보고 싶다고 하셨죠? 제 남친이 자주 하는 말이라서 완전 빵터졌어요ㅋㅋㅋ 무슨 생각하는지 알 수가 없다고 궁금하대요 근데 전 비밀스럽고 신비로운 사람이 아니거든요. 그냥 생각의 전환이 빨라서 머리 속에서 하는 생각의 양이 단순히 많을 뿐인데 저도 남들이 왜 제가 무슨 생각하는지 모르겠다고 하는지 모르겠어요. 그리고 전 제가 생각하는 걸 전부 다 말해줘야 직성이 풀리는데 그래서 엔프피가 투머치토커라 하는구나 알게 됐어요. 또 어릴 때는 사차원이라고 항상 특이하다 들었는데 저는 정말 특이하지 않거든요 정말. 난 안 특이한데 자꾸 특이하다해서 왜 그런걸까 평생 의문이였는데 이 영상을 보니 알겠어요. 16개 유형 중 관심 가지는 분야가 가장 많다면서요? 그래서 특이해보이나 싶네요. 남들은 딱 요정도 관심을 가지는데 당연히 이거저거 관심 가지니 남들 눈엔 특이해보이는 거겠죠. 저는 저를 잘 알겠는데 전 어려운 사람이 아닌데 남들 눈엔 왜 이게 특이한지 사차원인지 이해가 안 가요. 하지만 그렇게 보이는 게 싫다는 게 아니라 '뭐가 이해가 안 간다는 거지?' 할 뿐이지 뭔가 남들과 다르다는 게 기분은 좋아요. 그리고 안그래도 저도 사람들한테서 호불호가 많이 갈리는 사람인데 엔프피가 그렇다니 참 신기하네요. 저는 진짜 뼛속까지 확신의 엔프피인가봐요..
306,엔프피인 저는 가끔 음악하는게 영원히 춤춰야하는 구두를 신은 저주같이 느껴지기도 하고 어떤 작업에 있어서 그 작품이 세상에 미칠 영향이나 어떤 목적을 찾는데.. 필요한 생각이긴하지만 가끔 너무 막연하고 비현실적일때가 많잖아요 ㅠ 하지만 같은 동료 ST분이 제가 그런 생각들에 너무 갇혀서 괴로워할때마다 더 심플하게 만들어주어서 마음 편해지곤 했어요 ㅎㅎ
307,"제일 공감 가능 부분은 “감”이 잘맞는 다는 점! 큰 그림 보기 좋아하고 대충 저 사람이 괜찮은 사람  같다 아니다 정도는 파악 잘함. 하지만 메번 첨 보는 사람마다 이 사람 나랑 잘맞을까 생각안함. 마음이 가는 사람에 대한 미래만 조금 상상해봄 상대방이 이해를 못한다면, 개인마다 성향과 생각이 다르니 당연하다 생각함. 그리고 나랑 전혀 다른 ST 쪽 논리적이고 이성적인 사람에게 매력느낌"
308,ㅋㅋㅋㅋㅋㅋenfp인데 설명하길 싫어해서 그래요…. 하나하나 설명하면 되는데 … 이게 2~3개 건너뛰니깐… 그리고 이걸 설명해도 어차피 다르게 생각할 수 있고 구지 안하는것도 있구영… 말하는 순간 그사람 바보 만들까봐 .. 배려해서 말 안하고 그냥 웃어넘기는것도 있구여… 그리고 사람에 대한 경험이 많을수록 정의내리기 쉽지 않아용.. 각자 다 달라요 ㅎㅎ그리고 저는 쟤 또 시작이네.. 사차원이네 하면서 은근 꼽주면서 이상한 사람만들면 점점 그사람과 멀어지려고 하고 오히려 피해요ㅎㅎ
309,20번을해도 50번을해도 100번을 검사해도 ENFP가 나오는 1인입니다....이분은 무슨 근거로 이렇게 설명하시는지 모르겠어요 .....본인이 ENFP인가...이게 맞다고 생각하시나요?ㅋㅋㅋ......?..? ......하........드릅게잘맞아요내가본채널중에젤소름돋음짱.....
310,"대가리 꽃밭 ㅎ ㅎ 엔프피 친구들 본인들도 그렇게 이야기 하더라구요.꽃밭, 유니콘 이런게 너무 잘 어울리는 "
311,엔프피들 모여드는 소리가 여기까지 들려욬ㅋ
312,"제 주변 엔프피들은 다 최악이라그런지 가벼운 사이일땐 참 재밌고 같이 노는게 즐거웠는데 깊어지면 결국 끝은 제가 손절했네요... 학창시절 우정으로 애같은 거 다 받아주고 챙겨줘도 고마움이 없어 10년만에 손절친 친구, 나 필요할때만 찾는거 알면서도 다 따르고 다 해줬더니 딴 년 만난 쓰레기 전남친, 평소엔 참 어울리기 좋은데, 본인 잘못이라도 맘에 안들면 감정적으로 행동하는 전 직장동료.. 엠비티아이로 일반화하고싶지않지만 하도 데여서 이젠 ptsd가 와요..."
313,앤프피 입니다 엔프피들은 사람들하고 어울리다가도 혼자있는 시간이 많아요그래서 i로 오해를 많이받죠그리고 엔프피 주위는 i인 친구들이 많아요한번 우울하면 계속 우울해져요 근데또 잘웃어요 ㅋㅋ
314,엔프피는 다 좋아하고 다를수도있으니 내가 맞춰줘야지 하는 사람들이죠. 정리는 빠르게 해요. 순간 집중력이 어마어마해서. 필요할때 하면되니까 다른거 하는거죠.
315,생각정리안되는거 진짜입니다. 정리하기전에 다른거에 관심가져서 그래요. 아하하
316,ㅋㅋㅋㅋㅋㅋ댓글 시끄러~!!! 대박이야.. 느낌표가 마구마구 쏟아지네ㅋㅋㅋ 개웃김.. 진짜 엔프피만 모인 느낌이야 정말 밖에서라면 이런 자만심 안 갖을 거야 그치만 여기서만 몰래 말하자면.. 난 내가 스스로 생각하기엔 엔프피가 가장 귀여운 것 같애 ㅇ-< 만약 내 주변에 엔프피가 있다면 친해지고 싶을 거야 너네들 그리고 나까지 포함해서 모두 다 예쁘고 착하고 귀엽고 멋진 엔뿌삐니까 늘 힘내고 일했음 좋겠어다들 사랑하고 나 이 영상에서 칭찬 잔뜩 받아서 기분이 진짜 너무너무너무너무×1000 좋아️‍다들 늘 좋은 일만 가득하길 바랄게! °0<🫰
317,"ㅋㅋ 엔프피가 설명을 하지 않는 이유는 타인이 관심이 없을 거란 걸 잘 알기 때문이에요 ㅋㅋ 내 머릿속에 정교하게 맵이 그려졌지만, 원래 사람은 타인에게 딱히 관심이 없잖아요ㅋㅋ 뭐 논문으로 발표해서 인정 받은 학설도 관심 없을 판에 굳이 나만의 사론에 불과한 걸 힘들여 설명하고 설득할 이유도 없지요ㅎ 그나저나 전 제가 왜이렇게 사람들의 삶과 관계에 관한 심리와 법칙들에 이렇게까지 관심이 많은지 이해가 안 갔는데 그냥 제 타고난 특성이라니 너무 신기하네요ㅎㅎ"
318,Enfp 입니다..뭔가 있는거 같다??저도 제가 뭔가 있는것 같네요 ㅋㅋ하루만 일해보면 이 일로 먹고 살고 미래 전망까지 생각하고.. 때로는 일 해보기도 전에 생각하기도 하네용.. 주변에서 굳이?? 갑자기?? 이러는대 그러면 엇!! 내가 왜 이랬지?? 이러기도 하고영
319,정말 잘 분석해주신것같아요딱 이렇거든요
320,집에 다양한 주제의 책들이 많음.(끝까지 다 읽진 않음. 읽다보니 다른책에 또 흥미가생김)
321,"제 주위에 ENFP있는데, 겉으로 보면 새로운 관심사에 언제나 집중하는 중이고 엄청나게 웃기고 뭘해도 귀엽습니다. 정신 하나도 없어 보이고 친구 너무 많고 잘 놀아서 공부 되게 못할 것 같은데, 명문대 갔고 엄청난 직장에서 일하고 있고 눈치 빠르고 심지어 일도 잘하고 독서량도 어마어마합니다. 그런데도 듣기만해도 웃긴 고민도 해서 직설적 해법을 주면 너무 좋아합니다. 저는 INTJ인데 너무 잘 맞아서 가끔 무섭습니다."
322,제가 인간관계에서 스트레스가 굉장히 많은 것이 ESFP가 되고 싶은 ENFP라는 것을 영상 보니 알겠네요. 앞으로는 제 자신을 받아들이고 있는 그대로 ENFP 자체로 살아야겠습니다. 이건 노력해서 되는 문제가 아닌 것 같아요. 이걸 20대때 알았어야 했는데 ㅎㅎㅎ 아쉽지만 지금이라도 알아서 너무 후련합니다. 후....
323,ㄹㅇ 쏘름끼친-
324,Isfp인데 주변에 엔프피 베프 네명있는데 네명같이만나면 아무말대잔치 시작됨……. 중간에 낀 잇프피 뭐라고 받아쳐야할지 모르겠음ㅋㅋㅋㅋ
325,Enfp는 겉으로는 엄청 맑고 엉뚱발랄하고 그럴지도 몰라도 알고보면 말하기가 좀 어려운.. 뭐 그런게 있는게 있음  항상 맑다 이런게 아님....
326,전 엔프피랑 엔팁이랑 번갈아가면서 나오는 타입인데 가끔가다가 왜지? 왜그렇지? 하고 궁금해지고 그 관련사항을 탭가득 열어서 찾아보다가 정리해다 지쳐서 정리못하고 멈추고 사람에 대해서 가끔 새로운 사람이 궁금해지다가 왜 그렇게 생각하지? 왜 저렇게 반응하지? 이러면서 왜그렇게 생각해? 어떻게 생각해? 하면서 궁금해지거나 그런데 너무 공감간다...
327,제가 아는 엔프피 친구는 확실히 잇프제인 저와 달리 아주 밝고 무엇보다 주관이 저보다 뚜렷하고 성격이 상당히 개방적인것 같았어요! 갠적으로 그래서 너무 좋은 엔프피 칭구들.. 강아지 같아요ㅠㅠ
328,엄마인 나는 intj아들은 enfp영상보며 위로 받고 갑니다
329,저희식구 5명중 3명은 enfp에요 전 엡팁이고 enfp가 한번씩나와요..딴소리하는것같은건 생각하는걸 다 말로할수없기때문입니다... 가족되면 머리속에있는걸 다 말로 들을수있어요...남동생은 저한테전화하면 누나인저랑 1시간은 그냥 기본으로 수다를 떱니다 ㅎㅎㅎㅎ 1가지 주제로 이야기하지않아요..이야기하다가 자꾸 딴주제가 연결되서 전화를 끊을수가없어요 ㅋㅋㅋ 시간제한을 나름 두고 한시간이나햤어 하면 끊는식이에여
330,지나가던 엔프피 입니다 이거 진짜 맞는말 입니다
331,1:50초에 궁긍하다고 하셨죠! 제가 알려드리죠ENFP는 항상 밝고 긍정적이고 잘 웃어서 그런지 사람들이 얕보더라구요 그런데 사실은 분위기가 깨지는것과 분위기에 흐름이 이상해지는 것이 싫어서 나라도 웃고 긍정적으로 하는거에요!혼자 있으면 잘 안 웃습니다그리고 생각이 없어서 자꾸 딴 말 하는게 아니라 생각을 너무 많아서 엉뚱하고 딴말 많이 하는겁니다!
332,여기 댓글에 세상 엔프피 다 모인듯 이 영상에 공감하면서 굉장히 수다스러운 엔프피 ㅋㅋㅋ
333,엔프피 제일 귀여워
334,"오우c.. 베댓 내가 적은 건 줄 알았네. 딱 예시도 똑같이 주변에 있는 사람한테 그렇게 말하는데. a->b->c->d->e 등의 의식적인 흐름이 있는데, 남한테 말할 땐, a->e로 말하기 때문에 뚱딴지 같은 소리처럼 보이죠. 사실 연계성이 떨어진 걸 억지로 연관짓는 경우도 있지만요 다 저런 흐름이 있긴 합니다ㅎㅎ"
335,꺅 다음에 잇프제다 오예
336,나중에 엔프피들만 모여있는 곳 가고 싶당그런 곳 없나? 벌써 신나는데
337,십 미친 개소름돋네 잘하는게 미술밖에 없어서 수학 존나 못해서 미술의 길로 가버렸는데 ..
338,완전 나다 어떻게 ㅠㅠ 없어요 없어 즉흥적이고 깊은 생각입니다 ㅎㅎㅎ
339,엔프피인데 사람들이 제 표정이랑 눈빛보면 무슨 생각을 가지고 있는지 예측이 안간데요ㅋㅋㅋㅋ 한번씩 또라이같은짓 한다그러고 하는짓마다 눈에 잘 뛴다 하더라구요
340,관심이 없는게 없다는거  ㅋㅋ킹정ㅋㅋ
341,4차원 관종 ㅋㅋㅋㅋㅋ 호불호는 분명하겠지만..INFJ 입장에서는 호입니다. 저게 매력이라고 생각하기에.
342,"약간 왜 갑자기 그런 주제로 넘어가지?하는 순간에는 엔프티 머리속에서는생각과 관련이슈가 한번에 파바방 하고 연결에 연결이 되어서 도달한 주제를 입밖에 내는 겁니다.본인이 알고있거나 생각으로 도달할수 있는 영역은 굳이 말은 안하지만 재미있다고 느끼는 주제라면 일단 내뱉고 보는거죠. 그게 상대로 하여금 뜬금없다고 느낄수 있지만..대화 진행중 생기는 단어, 상황, 혹은 엔프피가 보고있던 무언가가 브레인스토밍 기법에 있는 중앙 단어라고 보시면 됩니다. 쭉~ 가지치던 와중에 궁금하거나 흥미로운게 입밖에 나오는 것이죠. 중간과정은 생략하고"
343,엔프피입니다. 오예 꽃밭꽃밭~ 아무리 사람들에게 상처받아도 걍 다 손절하고 새로운 사람만나는게 왜케 즐겁죠? 그림그리는거 좋아하구요. 하루하루가 넘나 즐거운것. 아무것도 하지않는다? 지루해 죽어..
344,안티와 덕후가 많은데 타인에 신경 많이 쓰는 스타일이라 안티라 느껴지면 쟤는 날 왜 싫어할까.. 마음이 계속 불편하고 신경쓰임신경 좀 끄고 살아야 맘이 편한거 알면서도 그게 잘 안됨
345,ENFP가 확실히 매력은 있어. 관계를 계속 이어가려면 진짜 부던한 노력이 필요한 타입이기는 함. 난 I S/N TJ
346,호기심이 많아서 어릴적부터 티비에나오는 실험은 다해봤네요 지금은 아이 키우며같이 놀아요  놀이터에서 우리 아이랑 놀고있는데  나중에 보면  놀이터 아이들 하고 같이노고있어요;;;; 그리고 혼자서 집에서 노는것도 좋아하고 신랑이 이벤트 준비나 선물도 알지만 모른척;;; 
347,공감이많이됨
348,enfp 입장에서 생각이 정리가 안되는것처럼 보이는 이유는 정리가 안되서 그런게 아니고 정리가 된것처럼 말을 하고 싶어하지 않기 떄문임. 너무 정리해서 대화하면 대화가 진중해지고 무거워지는데 enfp 는 이런 식의 대화를 싫어함. 일부러 약간 어리버리한 느낌주고 빈틈을 만들어주는 유형임.
349,ENFP만쉐이~~~우리가 세상에 중심이에요.
350,"이거보다 끝나기도전에 MBTI 검사 받고 와서.. 결과가 ENFP 라서 기분이 좋고, 다시 이어서 영상을 보다가, 댓글을 쓴다. 그리고 끝까지 영상을 본다. 다른 영상이였으면 댓글쓰고, 다른 영상을 찾아봤을탠데. 이영상은 나에 관련된 영상이니깐 참고서 끝까지 본다."
351,알려드립니다 ENFP인데 걍 멍때리거나 (?)하면 갑자기 뭐가 생각이나여 아이디어가 이 성격은 자기의 아이디어를 말하는걸 좋아하고 그 이야기를 듣고 기뻐하면 자신도 좋아요 결론은 관심을 받기위해 그런겁니다(?) 사실 말할거 없어서 결론 막 쓴거임 내머리에서 단어 하나 끄네서 쓴거임
352,갠적으로 엔프피가 제일 매력적임 - 인프피 -
353,지금까지는 계속 건수만 있으면 거기서 파생해나가면서 재잘거리는게 멈추질 않는 내가 이상한 사람인줄 알았어요.주변에서도 정신 없다거나 피곤하다는 말을 자주 해서 고치려고 해봤지만 별 소용이 없더군요그런대 요즘 mbti에 관심이 생기면서 검사를 하면 E랑 I 사이에 있는 ENFP가 나오네요. 너무 걱정할 필요는 없는거 같아 다행이에요!9시에요 벌써!!
354,진짜 비슷하네요 ㅎㅎ
355,재미로하는건데 그냥 봐유~
356,"견뎌라. 이것이 엔뿌빠삐들이다. TMI 쏟아내는 건 어쩔 수 없는게 저는 말을 하면서도 말이 떠올라욬ㅋㅋㅋㅋ(젤 많이 하는말 : 어쨌든 그래서) 딴 얘기로 팍팍 빠졌다가 그래도 본주제로 돌아가려 노력하는 엔프피긴 한데 정말 그냥 말을 하다보면 어? 하고 떠오릅니다.예를 들어서 어제 언니랑 싸웠는데 말야, 언니가 언니빼고 양파링을 다먹어치웠다고 우는 거야? 언니 몰래 먹은 것도 아니고 언니 눈 앞에서 먹은 건데 내가 먹을 땐 암말도 안하더니! 근데 그 양파링 진짜 맛있더라. 처음 먹어보는 양파링이었거든? 근데 맛있었어. 난 지금까지 양파링은 하나만 있는 줄 알았거든? 어쩌면 같은 브랜드인데 그냥 다른 맛으로 나온 걸지도. 어쨌든 그래서 내가 막 언니한테 먹고싶으면 달라고 했어야지! 했더니 그건 맞는데..하더니 또 뿌애앵 울었어. 언니는 맨날 울어. 전번에도...이런식.."
357,엔프피 캐릭터 옆동네 렛서팬더랑 비슷한 거 같은 느낌이?
358,진짜 사랑스러운 성격인듯
359,인간혁명.
360,ENFP 여자애들 너무 귀여워서 사귀고 싶다..
361,전 INFP인데 ENFP인 사람들 너무 좋아요
362,ESFJ도해주세요!!♡
363,ㅎㅎ 저도 엔프피별명이 사차원이에요소름 푸하하
364,저는 엔프피긴 엔프핀데 약간 약한?엔프피입니다 뭔가 확쏠려있는 엔프피는 아닌데엔프피는 맞은 헷갈리는 그런느낌에 엔프피
365,엔프피 입니다.애초에 저 캐릭터 스타일부터 표정이나 포즈까지 엔프피네요.
366,머리속에 정리는 돼어있는뎅 그걸 말로 안해요..ㅋㅋㅋㅋㅋㅋㅋㅋㅋㅋㅋㅋㅋㅋㅋㅋㅋㅋㅋ그래서 결국 결론만 말하는거죠..
367,"엔프피입니다. 저는 진심 고민이라 친구들한테 진지하게 고민이 생겼다고 말하면 ""그게 고민이야?"" 라는 질문만 들어요 어째서.. 진짜 고민인데 어째서!!!!  근데 지금은 그 진지하게 생각한 고민이 뭐였는지 기억 안남"
368,나름 엔프피들..맥락이 있답니다. 물론 훅. 지나가서 다들 이해를 못하는 걸지도 모르지만...ㅋㅋ
369,ㅋㅋㅋ 인프핀데 엔프피 왜케 귀엽지...
370,와 대박...제대로 간파당했다 상처주려고 준건 아닌데 실수하면 바로사과하는데 사실 마음은 모든이에게 관심받고 싶지만 그건 또 안되더라구요 ㅋㅋㅋ그런면들때문에 거짓말도 못하고 돌려말하는 것도 잘못해서 좀 직구를 날리몬 싫어하기도 하고
371,저는 이 주제들의 연관성을 이해 못해주는 부분에서 서운할 때가 있더라구요.이말했다 저말했다가 아니라 연관있는 건데 왜 연관있냐고 되물음 당하면 할 말이 없어짐ㅜㅜㄴ
372,엔프피인데요.. 내가 지금 삶을 사는건지 삶이라는 연기를 하는건지 모르겠어요.. 내가 누군지 잘 모르겠는 느낌... 그것때문에 나를 찾기 위해 노력하는 중이에요
373,튀어나온 이유 : 눈에 보여서ㅋㅋㅋㅋㅋㅋ 시각적으로 보이면 일단 사고를 멈출 수 없어요
374,감사합니다 
375,Enfp 여자예요! 20번 정도 해봤는데 전부 enfp-t디자이너이고 아주 관종이라 주목 받는거 좋아하고  어릴때 부터 사차원?이러는 말도 들음 ㅋ정말 재미찾아 매일 놀아야 하고 또 혼자 있는게 좋다가 또 심심해서 기어 나가요 예민하고 상처도 많이 보고 남 눈치도 많이 봅니다 이쁜거 예술적인거 엄청 관심 많아요 ㅋ 그리고 독서 음악 미술 영화 운동 등등 관심이 너무 많아서 아주 바쁩니다 취미도 백만개 뭐 끝을 보지는 못하는 의지박약이기도 하고 ㅋㅋ주제를 바꾸는 이유는 대화하다 보면 그냥 막 생각이 딴데로 튀고 그걸 말해야 해서 그런거 같네요 머리가 팡팡 돌아가요
376,ISFP인데 ENFP분들 너무 호감이에요 ㅎㅎㅎ 만난 사람들마다 너무 좋은
377,댓글들이 다 세줄 이상이야..
378,진짜 엔프피 나 확시인가봐요오 :3
379,ㅋㅋㅋㅋㅋ엔프피입니닼ㅋㅋㅋㅋ너무 웃기네요
380,"엔프피가 가장 많이 하는 말 ""나 지금 뭐 하려했지?? 아 맞다!!"" 하다가 아 맞다 이것도 해야하는데 하다가 일 세네개 벌려놨는데 하나도 완성된게 없어서 현타온적 있음"
381,같은 엔프피끼리 대화하면 대화주제가 의식의 흐름대로 계속 바뀜ㅋㅋㅋㅋ
382,와우 정확
383,실제 ENFP는 어떤지 잘 모르지만 ENFP캐릭터는 눈이 반짝거리는게 맘에드네요 ㅋ
384,제일 귀여운 유형인듯
385,엔프피입니다제일 싫어하는 말이 천편일률임똑같은 기계같은 삶이 싫어요
386,최고에요ㆍ너무 설명잘하신다
387,"그 수많은 잡생각들 정리하기 위해서 소설, 즉 글을 쓰기 시작했습니다. 어느덧 6권의 소설을 낸 작가가 되었습니다...근데 본업은 또 따로 있습니다ㅋ"
388,"저는 istp 엄마인데12살 아들이 enfp입니다.말하는게 정말 감수성,상상력 풍부해요. 예를들어서 제가""우리 금쪽이는 마음만 먹으면 잘하는데공부할때도 마음좀 먹어봐""  이랬더니""공부마음은 너무 쓰고 맛없어. 노는 마음은 부드럽고 단짠단짠 너무 맛있는데ㅋㅋ""대화가 이래요. 어떻게 이런 말이 입에서 나올수 있는지? 극 현실파인 저는 상상도 할수없는 감성적인 언어를 쓰니 재밌어요ㅎㅎ"
389,"야 이분 진짜 대단하시다 우와 저도 모르는 저를 많이 알고계시는 느낌 ? 진짜 중후반부에는 박수치면서 봤어요 와 .... 두가지 다 있는거 같아요  스파크형, 맥락형먼저 스파크형은 제가 길을 가고있는데 바닥에 떨어져있는 1회용 컵홀더를 봤어요 그럼 팟! 하고 머리에서 어 ? 저거 삼선 쓰레빠 발등 부분으로 써도 재밌겠는데? 이고 맥락형은  제가 요새 글쓰는데 취미가 생겨서 계속 그쪽으로 생각 하다보니 만약에 어떤 캐릭터가 삼선 쓰레빠를 신고 등교를 하다가 우연적으로 컵홀더가 그 쓰래빠에 딱 껴졌어요 그런데 그 캐릭터가 학교에서 인기가 많아서 그게 그 학교에서 패션 유행템으로 자리잡는거에요 근데 이런거를 막 설명 하진 않죠 도라이로 볼까봐 ㅋㅋ 특히 대화를 하다보면 스파크가 자꾸 튑니다 충분히 친한 사이라면 스파크 튄거도 다 애기 하겠죠 그 친구들도 제가 어떤사람인줄 이미 아니까엔프피 에대해 칭찬도 많이 해주셔서 감사합니다~~~"
390,엔프피 많다 많앙~>________< 엔프피 사랑합니당~ 기복이 롤러코스터급이라 모르는 사람들이 보면 많이 놀라곤한다지요~ㅋㅋㅋㅋㅋ 아래 저랑 똑같은 사람들이 있어서 넘나리 좋습니당~>_______< 좀전까지 지하 15층이었는뎅~ㅠㅠ 같은 사람들 있어서 행복합니당~
391,맞아용 연극부인데 자꾸 다른 사람들한테 눈이 가서 많이 혼났었어요.....
392,충무공 이순신 장군도 ENFP
393,저 미술대학에서 NF밖에 없음….
394,안녕하십니까리 엔프피 지나갑니다옹
395,드디어 내mbti 찾았다 딱나다 개웃기네 ㅋㅋ
396,Istp 인데 enfp. 좋아요 아무튼
397,엔프피가 엠비티아이 중 특별한거 같다는 우월감 있는거 저만그래요?^^
398,제가 그래요 사람들과도 잘 어울리다가 혼자 노는것도 좋아하거든요
399,난 인팁이지만 엔뿌삐의 의식의 흐름 왠지 알겠어... 하면서 봤다가 원숭이 기차 댓글 보고 역시나 함 나도 그런 사고방식이 돼서 주변에서 갑자기? 이럼
400,엔프피 귀여움ㅋㅋㅋㅋ 대가리 꽃밭ㅋㅋㅋㅋㅋㅋㅋㅋㅋㅋ
401,Enfp가 너무 자기중심적이고 힘든사람 같아서 괴로워요.
402,"오늘도 느꼈어요..일하다가 갑자기 얼마전 유퀴즈에 나왔던초2 어린이들이 생각나서 그것을 보려고유퀴즈를 쳤다가 자동검색어에 유퀴즈 허리(?)의사 선생님이였나 ㅋㅋㅋㅋ암튼 그게 떠서 무의식적으로 그 영상을 다 보고 거기에 또 삘 꽂혀서 허리,목 스트레칭에 폭풍 검색하고 따라하다가그 초2학생들은 어느순간 내 머릿속에서 사라짐"
403,엔프피입니다 원숭이 엉덩이는 빨개 빨간건 사과 사과는 맛있어 맛있으면 바나나 바나나는 길어 긴건 기차~ 어릴때부터 머릿속에서 매일 흥얼거렸는데요.  그냥 이 노래가 좋은 거 같아요 그래서 그런것 같기도 하네요
404,성숙한 ENFP는 진짜 유쾌하고 좋은데 미성숙한 ENFP 회사 동료로 만나면 피곤함…
405,세상 무해하고 귀여운 엔프피들 같으니라구~ 인프피인 저랑 엔프피 친구랑 같이 있음 자매같다고 하더라구요ㅎ 하는 짓이 비슷하다나요ㅎ
406,상처에 민감하다에 공감합니다.
407,대학교때까지 ENTJ였는데 일본가서 오래살다보니 성격이 많이 바뀌었어요 가족친구들도 왜이렇게 변했냐고하고;;; 한국와서 다시 검사해보니 ENFP가 됐더라구요
408,"ENFP입니다대충 댓글 1000개중 반 안되게 읽다가 아직 나오지 않은 부족한 내용을 덧붙여봅니다.ENFP특징중 하나는 모든 가능성을 열어둡니다.쉽게 말해 경우의 수가 무제한으로 있다고 볼수 있습니다.ENFP가 공감적으로 ""그럴 수도 있지"" 라는것에 굉장히 합리적으로 받아들입니다.또 역설적이게도 정의로운 면이 있는데, 자신의 희생으로 타인을 구하는 경향도 강합니다. 예를 들어 잘못을 한 이에게 그렇게 할수밖에 없는 이유에 대한 변호를 해준다던지, 상대방이 잘못한것을 자신이 대신 치룬다는지에 대한것입니다ENFP는 지적호기심 이든 그 무엇이든 다방면에 관심이 많고 그에 대한 내용을 어딘가 항상 품고 있습니다.그래서 상대방과 대화를 할 때 하나의 주제에 대해서 그와 관련된 것이지만 총체적인 부분에 있어서 연결 지어 설명하는 성향이 강합니다.예를 들어 사람의 신체를 설명할때 신체 중 '팔'에 관해서 설명을 해야 하는 자리에서 팔을 이야기 하다가 '머리' 를 설명하게 될 때가 있습니다.이는 '팔'과 '머리'는 전혀 다른 신체 부위이지만 ENFP입장에서는 '팔'과 '머리'가 연결될 수 밖에 없는 매개가 있기 때문에 맥락이 넘어가게 되는 것입니다.이 부분에서 '팔'에 대한 본질적인 설명이 아닌 부차적인 설명을 통해 '팔'에 대한 전반적인 설명을 친절히 하기 때문에 말이 길어지고 또 삼천포로 빠지게 되는 것입니다.그래서 ENFP는 '책읽기'가 매우 어렵습니다.책은 여러가지 내용들이 나오게 되는데 만약 책에 아래와 같은 내용이 있다고 봅시다""디저트 이외의 메뉴도 마찬가지야. 예를 들어, 칠리새우."" 라는 문장이 있으면ENFP는 거의 대부분 문장 그대로 읽지 못합니다.저같은 경우는 위 문장을 어떻게 읽어나가는지 프로세스를 설명하자면 이렇습니다.""디저트 (디저트의 종류는 아이스크림, 빵, 음료수, 커피 등등) 이외의 메뉴도 마찬가지야. 예를 들어, 칠리새우 (칠리새우는 어떻게 생겼더라?? 칠리새우는 존맛이지!)""이렇게 한문장을 읽는데 위 처럼 연상을 하며 읽게 되어 책을 완독하는데 있어서 속도가 매우 느립니다.그 이유로는 앞서 '팔'을 설명할때 '머리'가 나오게 되는 연유처럼 무언가의 글을 읽을 때 맥락보다 단어나 조사 목적어 그 무엇이든 1차원적으로 해당 단어에 대해 '번쩍'하면서 상상의 나래를 펼치기 때문입니다.이는 굉장한 장점인게 그렇게 엉뚱한 내용이 튀어나오면서 다시금 그것을 복습하게되는 효과도 있습니다. 그래서 알고있는 내용이 많아지는게 아닌가 싶습니다.ENFP는 또 굉장히 게으릅니다.""뭘 해야 해야지"" 하면서도 다른것들이 막 튀어나와 흥미가 돋아 그걸 하다가 결국 못하게 되는 경우가 허다합니다.게으르기보다는 쉽게 말해 집중을 잘하지 못합니다.ENFP는 계획적이지도 않지만 또 궁금한것은 많아 수박 겉핥기 식으로 공부하여 남에게 알려주는것을 좋아합니다.제 별명중 하나가 '넓고 얕은 지식'이었죠...많은 사람들에게 ""왜이렇게 아는게 많아??"" 라는 말을 자주 듣고 ""별걸 다 아는구나""는 세트로 함께 나오게 됩니다.저는 이게 다른 사람들도 어련히 그런줄 알았는데 대부분의 사람들이 그렇지가 않더라구요 그리고 MBTI가 나오고서부터 특성인걸 알게되었습니다.그리고 더 할 말은 있지만 여기서 줄이도록 하고 마지막으로 ENFP 특징으로는 제 댓글을 대부분 3분 1도 안읽고 마치 파블로프의 개마냥  ""맞어 맞어!! 공감! 공감!!"" 이럴 것입니다...이건 '빼박 캔트'걸랑요ㅋㅋㅋ"
409,"저는 ENFP 와 ENTP  의 차이거 거의 안나요... 50:50 정도요..그래서 둘다 엄청 공감이 가는데... ENTP 로 나오는데,,해석들으면 완전  ENFP에요....이런건 어케 해석할 수 있죠?"
410,엔프피에다가 혈액형AB형 입니다.. 직장인에다가 친구는 몇 안남아서얼렁뚱땅한거 숨기려고만 노력합니다.. 침는게 스트레스가 되고 그러기도 하네요.. ㅠㅠ 얼른 동반자가 생겼으묜
411,ENFP였다가 INFJ가 되었는데 맞는 것같아요 ㅋㄱㅋ  근데 저는 만신창이가 되었는데 회복하는게 지겨워서 포기하다보니음...네 인간을 혐오하는데 좋아하는 뭐 이런  인간이 되었네요
412,엔프피 댓글창도 시끄러운게 개웃기네 ㅋㅋㅋ
413,혼자 노는거 ㄹㅇ심심할때 혼자 노래부르곤 하고방도 더러움
414,엔프피 입니다.우리는 자면서도 오늘 만났던 사람에 대해 어떻게 상대할까에 대해 생각하면서 잡니다.
415,이상한 말 하는 이유는맥락이 스파크처럼 너무 빠른데 대화중에 그걸 다 말할 순 없으니까 이정도면 충분하겠지 싶은 부분부터 말하는거에요. 근데 그게 내 생각처럼 이해하기 쉬운 말이 아니었던거지
416,"내가 경험한 ENFP관계 속에서 자라기 때문에 관계가 주는 통제와 억압을 가장 잘 이해하는 유형. 공감능력이나 신기처럼 사람파악하는 능력 역시 다른 유형들도 사회 속에 살아가기 땜에 결국 이런 통제와 억압에서 벗어날 수 없다는걸 알기에 생긴 거임. 엔프피는 의외로 정이 많은 타입이 아니며, 자신의 상황을 타인한테 매우 광활하게 투영하는 타입이라 생각됨. 내 속에 내가 많아서 이런 투영이 잘 들어맞기도 하며, 한편으로는 자신이 얻은 상처에 가장 추상적이고 근본적인 지점을 이해하고 있어서 잘 들어맞기도 한다 생각됨. (인간으로 교육되면서 강제된 그 모든 규제들이 사실은 정당성을 갖지 않다!는 지점... 이런 사회에 대한 분노가 회피를 가져와서  돌발행동이나 4차원짓을 하게 만듦.) 성인되기를 거부하는 enfp들이 해맑고 애새끼 같은건 체제 자체를 사실은 부정하고 냉소하고 있어서라고 봄. 인간과 사회라는 적을 가장 가까이 두고 다뤄야된다고 생각하지만, 사실은 이를 전복시키려는 성향이 강함. (것도 매우 안전한 방식으로. 게다가 자신이 주류가 되고픈 의지도 강력해서 에너지가 넘침.) 그래서 자신의 호불호도 강하고 자신의 전략과 다르게 자신에 대한 타인의 호불호도 강함. (사실 자기중심적 성향이라 타인에 대한 애정과 사랑이 있다고 보기는 힘듦. 사람이 아닌 사람이 주는 경험에만 관심이 있는 경우 많음) 자신이 갖는 사회와의 대립적 관계에 대한 불안을 오히려 적을 가까이 둠으로서 해소하는 방식을 쓴다고 생각됨.관계에서는 똑똑한 부분이 있어서 사람을 변화시키거나 설득할 때에는, 논리보다 좀 덜떨어져 보이는게 낫다는걸 정확히 이해함.(여기서 이상적이고 안전하게 사회를 전복시킬수 있다는 희망과 기대가 발전함) 논리정연하면 사람들이 올려보지만 결코 사람들의 호감을 살수 없고, 밝고 4차원적이고 백치미있어뵈는 애새끼같음이야말로 (사람들이 좀 내려보지만)  안전하게 호감을 살수 있고, 사람들이 자신에 대해 사회적 통제기준을 낮추게 만드는 전략이라 생각함.본인 생각하는 정당한 세계(다양성이 지켜지는 개인주의 성향의 세계)가 있어서 타인에게도 사회적 잣대를 들이대지 않으나, 타인이 체제옹호자(꼰)이거나 도덕적 강요를 하거나 자신의 기준만 옳다고 생각하는 존재면 본인도 똑같이 고집쟁이로 변모해준다. Entp처럼 격론을 벌이지 않으나 극불호의 모습으로 이들을 무리에서 쿠션먹여 배제하려하거나 본인이 손절해버린다. 거절은 잘 못하지만 이들도 자기들만의 방식으로 이에는 이!로 대응하는 것.화려한 옷이나 에너지로 집중시키는 방식 역시 획일적인 세상에 지 나름대로 대응하는 방식일 확률 높음. 관종의 애정결핍이라는 생각은 의외로 틀렸을 수 있다. 얘네 막 관심받으면 오히려 피곤해하고 잠수탐. Enfp가 귀여운 댕댕이라고 모에화시키지만 사실 본인들은 가장 사회적이고 인싸적 관계맺음을 이용해 자신만의 세상을 위해 (안온한 방식의) 싸움을 하고 있을 것이다. 근데 전쟁은 그렇게 안온하게 이상적으로 치룰 수 없으며, 뭔가를 전복시키는 저항도 그렇게 인싸적으로 해결할수 없음. 그러니 이말에 공감하는 Enfp라면 없는 인싸력 만들려 노력하지말고 enfp이기를 그만 포기하길. 사이비 Enfp일 확률 높음. Enfp는 자신이 목표한 곳에 이르기 위한, 더 성숙한 자아에 이르기 위한 중간과정일지도 모름."
417,엔프피 눈치개빨라서그래요 혼자 머리회전 숭숭
418,mbti 별로 안믿엇는데 이상하다 내 머릿속에 몰래카메라 설치하셧나요 ㅋㅋㅋㅋㅋ
419,저도 엔에프피입니다 저같은 경우는 생각하는걸 매우 좋아하는데요 길을 가다 건물 옥상에서 화분이 떨어질경우 어떻게 피할지 피슝피슝 상상한다던지 집에서 자다가 핵폭탄이 터지면 60초안에 무슨행동을 할지 등 다른사람들이 들으면 응?? 어.... 그래이런 반응이 나올법한 생각을 합니다 이유요?? 그런거 없습니다 그냥 생각나요ㅋㅋㅋㅋ추가로 회사 컴퓨터 바탕화면에 파일이랑 폴더 겁나많음 정리안됩니다ㅋㅋㅋ 옆에서 바탕화면 정리하라해서 정리하면 이틀이면 원상복구ㅋㅋㅋ
420,아저씨 뭘 자꾸 선을 넘어요 ㅋㅋㅋㅋㅋ 듣는 enfp 기분나쁘게 ㅋ
421,Enfp항상 웃고 잘해줄려고해서 단순하다고 오해하지만 사실 다알고있지만 속아주는거임 굳이 이해안시킴 사회생활하면 정병 많이옴 이성향 사람들은 연예인 인방 유툽해야함
422,헐 나랑 똑담
423,짱
424,정리하기 개 귀차나요 정리할시간에 딴거 집어넣을래여 시작하는게 더 재밋어여
425,본인은 모르는데 상대방에게 상처를 많이 줌..상대방 mbti가 예민한 경우 최악의 인간형임...
426,사람들이 왜 mbti하는지 알겠다 ㅋㅋ enfp인데 제가 나랑 잘맞아요 완전 공감 되네요 친한친구와 말하는줄 알았어요 저와 똑같아서 조금은 틀리지만
427,엔프피인데 상처쉬게받고 회복빠른고 진쩌 인정합니다.
428,엔프피입니다 우린정상 이라 뭘 설명하란건지 모르겠어요.
429,제가 enfp입니다.다양한 분야에 관심많은거 사실.40에 상담심리학 석사타로점성학도 공부하다아니다 싶어 접고지금은  시공명리학 5년째 공부 중.모두 사람과 내 자신을 알고 싶어서
430,엔프피입니다 대학시절 친구랑 학교부설기관에서 인성검사했을때 총평같은거 적힌거보다가 빵터진적있음.. 그때 적혔던말이뜬금없는 얘기나 아이디어로 주변을 깜짝놀라게 한다 이런식이었는데 딱 니내 한마디함ㅋㅋㅋㅋㅋ무슨 얘기냐구요?  그걸알면 제가 엔프피가 아니져
431,"엠프핀데,,,, 왠지 악마는프라다를 입는다 영어책 근쓴이분 목소리랑 비슷한거같아여 아니 생각 알고맂,ㅁ 따라가보니 그렇다구영,,"
432,머릿속에 들어가 보자구요!구름이다 우와 만져보고 싶네 근데 수층기라 못만지겠지? 수증기하니깐 가습기 생각나네 아 옛날에 우리 오빠 어릴때 엄마가 가습기 살균제 쓰려다가 너무 수상해서 안썼다 그랬지 아 코난 보고 싶다 아 학원가기 싫다 아 맞다 나 숙제 하고 있었지 근데 나 코로나 걸린것 같은데 학원가도 되나? 나 양성 나오면 방에 갇혀 있겠지 갇혀서 뭐하지 미리 간식 사놔야 겠다 아 요즘 참께라면이 맛있던데 참께라면 좋지 아 요즘 난 클레식 중에선 생상의 더 스완이 좋던데 근데 생상하니까 생강 같다 나 옛날에 김장할때 생강 넣는거보고 충격 받았었는데 아 애기때 김장하던 사진이 있을텐데 한번 찾아봐야지 오 이런사진도 있네 와 옛날생각난다 옛날에 보정 씨게해서 친구들이 켑쳐해놓게 놀렸었는데 아 생각난 김에 셀카 찍어야지 아 귀찮아 아 유튜브봐야지 근데 양자역학에서 고양이가 파동이면 나도 파동이 될 수 있고 날 던지면 격자무늬가 생기는건가
433,엔프피 댓글 특!!!!!~~~~~♡♡♡?????️️️^^
434,1.5배로 해놓고 들으면 장기하의 난 부럽지가 않어 가 들리는 거 같아요 ㅋㅋㅋㅋㅋ
435,"아항.. 그래서극nfp ntp 인 제 베프들은 다 얘기안하고 운만 띄워도 저 포함, 서로 다 알아들었던거군여.. 그래서 끼리끼리 친구라고 주변에 다 nfp ntp만 있었나보네여"
436,공감은 안되는데... 몇번을 테스트를 해도 ENFP;;;;;;;;;
437,뭔가 ENFP는 사회에 필요하지 않은 존재? 처럼 그려지는 것 같아서 아쉬움이 있네요ㅠㅠ
438,"지나가는 엔프피 형을 둔 인프제 남동생입니다.진짜 조용한 인프제 남동생으로서 엔프피 형을 본 결과 시끌벅쩍하고, 정 많고, 상상도 잘 하고, 손 많이 벌리는 유형이에요ㅎㅎ 그래서인지 저보다 아는 것도, 어울리는 사람도 저보다 많아요. NF만 비슷하고 처음과 끝이 다른 저로서는 형은 버틸 수 없는 존재인 동시에, 왠지 모르게 어울리고 싶고, 본받고 싶은 존재에요. 다만 형은 저에 대해 말 잘 안 하고, 고집 있는 놈이라고 생각해서 이상하게 여겼던 때가 많습니다. 그래서 서로 놀리기도, 싸우기도 많이 했습니다. 그럼에도 다양한 분야에서 손 많이 벌리는 형 덕에 음악, 생물 등에 관심을 갖게 되었고, 특유의 활달한 성격 덕에 사회화도 많이 되었습니다. 다시 말해 엔프피는 잘 어울리기만 하면 좋은 친구가 될 수 있답니다. 그대신 I들은 상당히 기가 빨리거나 사람에 따라 질투심이 날 수도 있음※ 영상 항상 잘 보고 있습니다. 항상 잘 부탁드려요!"
439,대가리 꽃밭ㅋㅋㅋㅋㅋ온갖꽃이 만발~
440,아는 엔프피들은 대개 성격이 좋음. 밝고
441,"E 100% N 99% F 95% P 100% 입니다~ (~‾⌣‾)~위에 설명한 모든 것과 거의 다 일치합니다! (,,>᎑<,,)직업까지도 방송PD입니다. (ว˙∇˙)ง"
442,로드자전거 추천해주세요  ㅋㅋㅋ지나가던 enfp
443,재밋네요ㅋ 과학전공한 엔프피인데 진짜 궁금해서 과학전공했지만 관련 마케팅이나 제작 창작물만드는거 좋아함ㅎㅎ그냥 재밋어서 함ㅋ 근데 엔프피 엄마들은 애들을 어케 키우는지 궁금함..
444,자기객관화가 제일 안되는 유형
445,enfp는 인내심이 깊은편이라 손절 당했다면 그 사람 진짜 문제 있는거
446,"엄청 친하게 지내는 엔프피를 가진 isfj임.,엔프피 특이라면 엉뚱하고 일상적이지 않고 웃기는 괴짜.  대화를 하다보면  주제가 일정히 유지되는 것이 아니라 산으로 가고 있음.  의외로 고집 겁나 쌤.나름대로 가볍게 보이고 마냥 맑은눈 광인 같지만  혼자 무엇인가에 꼿히면 급 진지해지고 나름 목표가 생기면 결승점을 향해 계속 달려감.  근데 잇프제가 볼땐 그 과정이나 결과의 상당 부분이 비 현실적이거나 막연하게 보이기도 함. 덤으로  눈치 빠르고 잘삐짐 ㅎㅎ  그래도 재밌는 친구들"
447,엔프피 감정기복 롤러코스터..ㅡ.ㅡ기분이 아침 저녁이 다름... 다운일때 옆사람이 눈치보게함.  나 Esfj라 사람많이 만나봤는데 너무 힘든 유형이 엔프피였음.
448,엔프피 머릿속???:바나나 먹을래?엔프피:(바나나? 친척동생이 바나나 좋아하는데 걔는 원숭이 닮았어 그래서 바나나 좋아하나그래도 걔 공부는 잘해 머리가 좋은가?아니야 학원을 다니니까 무조건 머리가 좋다고 할 수는 없나.. 아 맞다 학원 숙제 안했다.)응 먹을래 근데 우리 학원 숙제 언제까지였지?
449,친구가 엔프피인데요 머리가 꽃밭이에요 갑자기 예전에 봤던 강아지보러가자 하고 마트같이 가더니 밀키스 사고 정성들여 편지줬더니 편지찢고  맨날 데이트장소 바뀌고 공원 피시방 교회 카페  특이점이 많은 엔프피 인거같아요 저는 인프제구요
450,그 맥락은요... 랜덤입니다 하루에도 수만가지 생각과 감정을 느끼다가 갑자기 하나가 걸려들어 나와용~~왜 그런지는 모름 ㅋㅋㅋ 감정이 너무 수시로 바뀌는것도 잘 모름
451,이래서 잠자기 전 유튜브 들어오면 잠들기가 힘듦 자꾸 알고리즘 뜨는 거에 꼬리에 꼬리를 물고 궁금한 게 자꾸 생겨나서 나도 지금 못 자다 이거 보던 중 ㅋㅋㅋㅋㅋㅋ
452,"알고리즘의 유혹에 당차게 넘어와버린 엔프피입니다.몇 가지 특징과 중심적 사고회로를 여기다 적어둘게요! (그냥 제 사견이니 참고만!)1. 주제 설정-> 단순 호기심 혹은 다른 사람과 재미있게 이야기 할 거리를 찾는 경우로, 가볍게 시작합니다.2. 파고들기 - 나무위키, 구글 검색, 이론 확인 등 자연스럽고 자율적으로 정보 탐색을 시작합니다.3. 변칙성 더하기. - 왜 라는 질문을 던지기 시작합니다. 가장 중요한 포인트는 변칙적인 상황 부여입니다. (여기서 엔프피가 세상을 이해하는 방식이 드러납니다.)  단순히 A->B를 외우는 건 엔프피가 제일 싫어하는 행동입니다. 극단적인 변화를 주는 걸 통해, 원리와 패턴을 파악하려 합니다. 그것을 성공할 때 강한 쾌감을 느낍니다. ( 나무는 성장하면서 나이테를 가지지! 나이테가 자라는 만큼 나무를 깎아내면 어떤 일이 생길까? -> 나이테의 원리에 대한 질문) 4. 카테고리화이렇게 얻은 규칙을 자신이 가지고 있던 주변 모든 정보들과 합치거나 연결합니다. 이 특성 때문에 대화 주제가 통통 튀기 시작합니다. (심지어 이것은 의식이 아닌 무의식 속에서 일어나기 때문에 당사자 모르는 경우도 많습니다.) 문학 작품 이야기 중. 나무 이야기가 나옴. 나무의 생명력. 나무의 생장. 생장과 나이테. 나이테 실험. 나이테의 원리. 사람들의 눈) 문학작품 -> 나이테의 원리 질문.- 다른 경우로는 이전에 하던 대화가 제대로 끝나지 않았을 때, 그것을 마음속에 품고있다가 다른 이야기 도중 갑자기 다시 꺼내는 상황도 있습니다.5. 무한한 연결.- 정보를 시각화 합니다. 노래를 춤이나 미술로, 미술을 노래나 문장으로, 문장과 정보를 색으로, 노래와 기억을 하나의 영상으로 등. 여기서 놀라운 점이 나타납니다. 엔프피가 아니라 인간 뇌의 엄청난 기능인데, 바로 기억 능력입니다.어떤 특정 노래를 들으면, 감정과 색, 정보, 그 당시의 추억이 하나의 영상이자 매체 덩어리로 다가옵니다.반대로 이것을 뇌 속에서 만들고 상상하고 작성할 수도 있습니다. =====================상대가 내게 상처준 것도 위 과정을 통해 얻어진 정보들을 이용해서, 극복합니다. - 사람이란 다 실수하더라. - 어떤 상황에선 이렇다더라. - 나의 경우는? - 그럼 내가 할 행동은? - 노래 듣기/ 좋아하는 음식 먹기 등으로 쾌락 끌어오기  - 마음 진정시키기. [] 정리주제 설정 -> 변화 부여와 패턴 파악+이론적 정보로 정보 습득 -> 카테고리화 -> 공-감각적 연결 기법을 통한 지식 정리 -> 무한한 연결과 상상. - 활용"
453,저는 isfj입니다. Enfp의 성격은 저에게는 조금 비호감인였던것 같습니다. Enfp 가 마음 따뜻하고 미워할 수 없는 통통 튀는 매력의 소유자인 건 저 또한 아주 동의합니다. 하지만 그 통통 튀는 성격이 누군가에게는 펑펑 터지는 폭죽의 불똥 같이 느껴진다는 겁니다. Enfp 들의 책임감 없는 날것의 행동들이 누군가에게는 미워할 수 없는 성격들 때문에 반짝반짝 예쁘게 빛나는 폭죽처럼 보일 수도 있겠지만. 저에게는 무례하고 자기중심적으로 남을 배려하고 책임감이 부족해 보입니다. 마치 나와 내 소중한 사람들을 다치게 만들 수 있는 뜨거운 폭죽의 불똥처럼요.
454,1:43 끝까지 봤는데 엔프피로서 너무너무 맞는말인듯..ㅋㅋ
455,누가 날 여기다 설명해 놨지....뼈 맞았네
456,본인이 enfp라면 adhd 검사 한번 해보시기 바랍니다.세세한거 잘 못해서 피해본게 맞다..약 받고 처방 받는게 훨씬 낫습니다
457,사업가 중 ENFP 기질이 강하면 진짜 논리나 실무 디테일 계산 하나도 없이 일 무식하게 벌리고 사고치는거 직원이 수습하는데 개 빡침.
458,우껴미침딱 나여요 ㅋㅋ
459,아놔.팩폭..
460,Enfp들아 진짜 세상 살아나가려면 감정적으로 살아가지 마라.....
461,잇팁으로서 회사 내 엔프피님들한테 하고싶었지만 하지 못한 말 몇가지 좀 적어보려고 합니다1. 회사는 엔프피님의 집이 아닙니다크게 바라지 않으니 쓰지 않는 여러분의 물건 가져와서 쟁여놓지 마세요 정신 사나워요2. 회사 용품이 여러분 개인 것이 아닙니다.공용으로 나둔 것을 무제한으로 쓰라고 둔 것이 아닙니다. 세탁기가 있으면 집에 있는 이불 싸그리 가져와서 빨라고 있는게 아니고 냉장고가 있으면 님이 먹는 닭가슴살들 통째로 쟁여놓으라고 있는게 아니에요3.공용으로 쓰는 컴퓨터 바탕화면 좀 정리해주세요...이건 제발!!4. 지각하고 미안하면 그냥 조용히 들어와서 할 일 하세요. 지각한 이유는 말 안해도 다 알아요. 어차피 지난주랑 같은 이유일테니까 그래요이상 상처입은 엔프피님들 미안합니다
462,"엔프피 입니다.원숭이엉덩이는빨개>빨가면사과>사과는맛있어>맛있으면바나나>바나나는길어>긴것은기차까지 다른 사람들은 왔겠지만, 저는 꽂히면 아직 원숭이엉덩이에빨개에서 벗어나지 못 했을수도 있어요."
463,관심을 가져버렸습니다... ㅋㅋㅋㅋㅋ
464,강아지같네...
465,"엔프피입니다. s 0점이고, f가 t 보다 2배 넘게 나왔습니다. 정리 정돈 완전 엉망입니다. 그런데 문과형이 아니고 완전 이과형입니다. 수학 과학 엄청 좋아하고 잘 합니다. 생각이 완전히 점프합니다. 수업시간에 엉뚱한 질문 잘 합니다. 저는 이상한지 못느끼지만 듣고 있는 학생들 완전 넘어갑니다."
466,"엔프피는 대화창이 있다면 머리위에 대화창이 수십개 떠있죠. 그래서 그것들을 얘기하다 보면 당근얘기 하다가 우주까지 갑니다. 주변사람들이 경청하다가는 점점 의아해 합니다. 30년째 엔프피인데 나이들수록 좀 손해보는게 사실이지만 사람들이 좀 거래하기 힘든 미팅이나 서로 적인 놈들이 회식자리에 저를 자주 불러냅니다. 사람도 좋아하지만 그들끼리 기싸움하는거 구경하려고 자주 참석하고 화기애애하게 만들어 주고는 뿌듯한 마음으로 집에갑니다. 취미는 피아노, 우쿨렐레, 어반스케치, 헬스, 자전거, 인터벌트레이닝, 독서, 사진, 전시회가기 등등 다양합니다."
467,엔프치 사랑스러워 ~  싸 랑 스 러 웡 ~ 엔프피가
468,매우 정확함
469,와 소오름 엔프피 정리 한것중에 제일 똑같아요!!! 큰 그림을 보고 뭔가 느낌적으로 오는 그래서 맞아요 호불호 심하고 굳이 다 친절하고 싶지 않은 영적인? 그런 촉이 뭔가 발달한 근데 또 어딘지 모르게 소심하고 ㅋㅋㅋㅋ 할게 너무 많아서 안하는것도 많고 지독한 완벽주의자지만 젤 게으른 ㅋㅋ
470,"INFP와ENFP 사이 어디쯤 있다고 나오는데,이게 딱 내 얘기..."
471,INTJ-T인데  와 굉장하네 이분들
472,지나가던 엔프피인데 왜 제 소개를..?
473,INFJ도 기대합니다아
474,현직 엔프피 입니다. 그냥 같이 노는거든 혼자 노는거든 다 재밌습니다.
475,갑자기 = 내 감각기관을 통해 들어온 정보를 미분했다 적분했다 늘였다 줄였다 굴렸다 던졌다 눌렀다 폈다 하면서 니가볼땐 전혀 상관없을 주제를 이끌어 냈는데 나의 엄청난 알고리즘을 너에게 설명할 자신이 없어
476,5:58 오 조승우 INFP라던데 완전 맞는듯. 배역 하나하나가 완전 딴 사람같은데
477,엔프피가 갑자기 맥락없는 말을 한다고 하는데 머릿속은 이래요 ㅠㅠ. 나름 다 과정이 있는뎅아 배고프다->배고프면 치킨이 짱인데->내가 치킨을 몇마리나 먹었을까?->카드 기록 확인->헐 짱 많이 먹었네?->닭들아 미안해 ㅠㅠㅠ->치킨집 기둥은 내가 세웠을거야->이 돈이면 애들이랑 몇시간을 노는데 ㅠㅠ->어 심심한데 애들이랑 놀까?->아 근데 나 배고프지->밥부터 먹자 해야겠다->아 전화 안받네?->ㅠㅠㅠ 뭐하길래 안받아..->얘네 저번에 나 빼고 놀던데..->우울해 ㅠㅠㅠ->헐 치킨 시켜먹어야지->히히 신난당
478,제 뇌에 들어오고 싶다고요? 맘껏 들어오셔도 됩니다. 다만 코드가 일치해야 들어갈 수 있어요 비번달린 멀티메타버스인데 제가 비번을 까먹어서 생체인식만 되거든요 아 방금 새 세계가 생겼네요
479,3:50 부터 2번까지 둘다 맞아요
480,귀여움이 의인화하면 앵뿌삐!
481,"마냥 해맑은 댕댕이 어린아이같다는 말 많이 듣는 동시에, 꿰뚫어보는게 있어서 그런지 성숙하고 어른스럽다는 말도 많이 들어요!처음엔 제 스스로도 혼란스러웠어요. 양면적인 모습을 가지고 있는 것 같아서요! 그런데 그냥 그 양면적인 모습이 ENFP의 특징이자 매력인 것 같아요!"
482,"엔프핀데요, 이제야 친구들이 저를 도라이라고 부르는 이유를 알겠습니다. 알려줘서 너무 감사한데요, 근데 가장 궁금한거은 infp가 제 친군데 저만 좋아하고 다른애들한테는 흥미가 많이 없더라고요. 왜 그러는지 모르갰어요 좀 알려주실래요? 아 기르고 오늘 학교에서 담주에 소풍간다는데 소풍 일 바로 전날에 수행평가를 본대요.. 왜 선생님들은 그러는거죠 근데우리 선생님들 너무 좋아요 착하시고 아 잠만 나 또 뭔 애기하니"
483,맞아요ㆍ그냥 아는데 ㆍ그사람 본인도 의식못하는걸 볼때ㆍ그걸 어떻게 설명해요?
484,친한동생이 부산에서 서울가는데비행기타고간다고 하니 형이 왜비행기타고가 그냥 차타고가지라고 이런대화중인데 그옆에 친구녀석의한마디 차를왜타놓고그냥가차를탔으면 마셔야지~ 차한잔해야지~라고해서 얼빵하게 다터졌네요ㅋㅋㅋ이녀석 enfp맞나요ㅋㅋ
485,4:03 저는 이럴때 코끼리가 실내에서 서커스하는 맛이라고 했어요 ㅋㅋㅋㅋㅋㅋ
486,"말하다보면 사람들이 “근데 이 주제가 여기서 왜 나와?”하면 내딴에선 이해되는데 다들 몇 초안에 그게 생각 돼??? <<이 반응임,,엔프피 중 한 명으로서 말하자면 일단 얘기할 때 내가 얘기하는 순간, 남의 의견을 듣는 게 모두 좋고 수용하면서도 그와 동시에 이 다음 얘기 고민을, 혹은 그 사람의 말 중에 어떤 포인트에 꽂혀서 빠져들게 되고 그 점을 생각하느라 머리가 공장처럼 내내 돌아요."
487,와 NF 운명적인 느낌 개공감.....
488,안녕하세요? 할부지 폰 빼서 쓰는 잼민인데요 저도 공감입니다 ㅋㅋㅋ 엔프티에요
489,Infj도해죠용(남친) 제가enfp인데요 여기 용하네요ㅋㅋ
490,여기 나오는 여캐릭터 노다메랑 똑같이 엉뚱발랄하게 생김~
491,저도ㅠ엔프피인데... 저도 제 머릿속이 궁금해여..ㅋㅋㅋㅋ 무슨생각하는지 궁금하고...ㅋㅋㅋ
492,1:27 ㅋㅋㅋㅋㅋㅋㅋ지나가던 인프피 뜨끔하고 갑니다 ㅋㅋㅋㅋㅋㅋㅋㅋ
493,Isfj도 언능 해줬으면 좋겠어요!
494,맞아요 설명하기 귀찮은거에요
495,엄마 Estj 딸 Enfp 잘맞는편이예요.
496,ㅋㅋㅋㅋㅋㅋ 인프피인데 애써 밝게 행동해보려고 노력하면 엔프피가 됨... 개연성 없고 말 못하는 사람이 돼서 오해를 사고 마음대로 안되는 방향으로 흘러감....ㅠㅠ 내 안에서는 개연성이 있는데 현실은 스파크...
497,예 제가 enfp입니다제 생각이지만 엉뚱한 이유는 알아도 물어보고 싶은 그런 마음이 있습니다
498,ㅎㅎㅎㅎ 아싸중에 인싸에요 ㅎㅎㅎ
499,중학교때 mbti한거 보니까 enfp나왔는데 근데 세월이 지나서 mbti가 유행할때 다시해보니까 ISTP가 나왔음 심지어 정식검사할때 ISTJ(이때는 진짜 결과가 빨리나오는 과제는 후딱끝내고 그랬어서 그랬을거같음)가 나오긴했는데 P랑J 값이 거의 1퍼센트 차이라서 걍 ISTP쪽으로 보는게 맞을거같은데 나 많이타락했네 진짜 이제보니 중학교때랑 성격이 거의 180도 달라져버렸네
500,F하고 T가 비슷할 때는 어떻게 봐야하나요? F가 50프로 정도에요. 그래서 entp 유형 설명들을 때 공감가는 부분이 있었을까요?
501,계획형 1프로 즉흥형 99퍼 나온 엔푸피 공감하고 갑니다
502,INFJ 기다려집니닷! ㅎㅎ
503,저는 entp이고 딸은 enfp인데 딸이 인간 댕댕이 자체라너무 귀여움 나랑 성격도 잘맞음
504,지나가던 ENFP입니다.. 그냥 다 죄송합니다.. 피하지 않으셔도 돼요..
505,"1:53 저도 엔프피인데, 궁금해요 ㅋㅋㅋ"
506,할때마다 달라서 잘 모르겠어요 isfj->infp->enfp 첨에 할땐 신중하게 했고 두번째도 나름 신중하게 했고 세번째는 기면 기고 아니면 아닌걸로 극과극으로 아무튼 결론은 mbti로 사람을 판단할수 없다...
507,INTJ 인데 ENFP를 오~~래동안 보아왔는데 맞습니다 ㅋㅋㅋㅋㅋ
508,우리집이 정리가 안되는 이유를 이제야 알겠다~ㅋㅋㅋㅋ 엔프피 종특이었떠
509,전 ENFP 입니다.왜..왜..저와 똑같은거죠..잘 맞추시네요.관종소리 많이 듣습니다.네.그렇다고요
510,인프제인데요 제가 가면을 자주 쓰는데 이거 보다보니 엔프피 가면인거 같에여 ㅋ
511,저도 찐 enfp인데요 영상 내용 너무 공감됩니다 다른 댓글보니까 다들 비슷하구요.. 간간히 ADHD 얘기도 많은데 저도 제가 이게 그냥 성향인지 adhd인지 궁금했어요혹시 adhd와 mbti도 약간 관련성이있을까 궁금합니다 성향과 정신질환은 다른거지만~
512,약간 그런거임 얘기하다 놀이동산얘기나오면 머리속에서 와 놀이동산 재밌겠다-놀이동산갔을때 행복했었는데-행복이란머지?-아 햄버거먹고싶다-해서 입밖으로 나오는거
513,지나가는 ENFP임다. 말 5분 안하면 친구들이랑 학원 쌤들이 걱정합니다. 마저 지나가겠습니다
514,"INTP입니다. 회사에 친한동생이 ENFP인데 제가 별명을만들어줬어요.""시고르자브종"""
515,엥푸피.. 다들 행복만 하세요ㅠㅠ
516,설거지하기싫어서라면끓인데 짜파게티먹어요.새컵이없어서  밥그릇에 우유나콜라먹어요.
517,"안녕하세용 지나가던 엔프피입니다! 일단은 길님이 엔프피의 머릿속이 궁금하다고 하셨죠? 음.. 결론부터 말씀드리자면 굳이 머릿속을 정리할 필요가 없습니다! 왜냐하면 정리를 하지 않아도 머릿속이 그렇게 복잡하다고 느끼지 않기때문이에요. 그냥 제가 느낀것, 알고있는것 그대로 말해요 조금더 정리를 해서 말할수는 있지만 굳이 다 정리를 할 필요는 없어요. 그리고 선넘는? 그런것도 정말 잘 설명해 주셨어요. 제가 친구랑 놀때 장난을 정말 많이 하는데요 그 친구가 하지말라고 해도 저도 모르게 또 하게돼요. 그럴때 친구가 기분이 나빠보이면 바로 알아채고 사과를 하는 편이에요.그리고 예술가? 쪽도 맞아요! tmi지만 제가 미술을 전공으로 하려고 하는데요, 처음엔 친구들이랑 끄적이면서 노는게 좋아서 그림을 그리다가 어느순간부터 안그리게 되더라고요, 하지만 생각해보니 그림그리는게 정말 재미있고 그림을그리는것이 제 운명이라고 생각해서 지금까지 꾸준히 그리고 있어요! 길님 영상 너무 잘 보고있고요! 엔프피 유형에대해 다뤄주셔서 감사합니다! 그럼 행복한 하루 되세요!"
518,왤케 우리 엄마 같아서 눈물이 나지..
519,ㅋㅋㅋㅋㅋㅋㅋㅋㅋㅋㅋㅋ관종ㅋㅋㅋㅋㅋㅋㅋ윽ㅋㅋㅋㅋㅋㅋㅋ존나뜨끔하네 사찰당한것같다 ㅋㅋㅋㅋ엔팁 번갈아 나오긴하는데 엔프피설명이 진짜 나긴 하다 ㅋㅋ
520,Enfp는 답장너에 가깝죠. 주인공. 이기적으로 보일 수도 있는 정준하
521,여기 엔프피들 댓글 긴거바 하여튼 말 많고 귀여워 죽겠음 ㅡㅡ 물론 내가 엥뿌삐라서 귀엽다는 건 아님 >.<
522,Enfp 네일리스트입니다.시술중 검지 디자인하다가 약지 디자인하러가요
523,다 알긴하지만 그냥 사람들 많은곳에선 재밌기만 하면 좋겠어요그렇지만 진짜 혼자있을땐 다 생각하는데
524,대화할때 다른 이야기 갑자기 하는 이유 : 이야기하다보면 어떤 주제가 나오고 처음엔 재밌게 대화하다가 갑자기 그럴듯한 리액션만 하면서 머릿속에서 사고가 튀어 나가기 시작함. (꼬리에 꼬리를 물듯이 원래 대화하던 주제에서 튀어나감) 주제 한 3개 4개가 머릿속에서 재밌게 섞이다가 (이와중에도 그냥 리액션은 하고 있음. 대화에 대해서 존중하지 않는것 처럼 보일까봐) 딱 한 주제에 머릿속이 붙잡혀있고 또 존나 웃김 혼자 생각하다보면 ㅋㅋ 그래서 이걸 도저히 입밖으로 안내고는 못참음 입 근질거려서. 그래서 바로 이걸 얘기함. 그러면 원래 주제에 대해 얘기하고 있던 상대는 엥? 이걸 왜 얘기하지 ㅋㅋ 근데 재밌노 하면서 받아주고 얘기하다가 주제에 단물 빠질때쯤(드립거리 생각안남) 바로 머릿속에서 다른 주제 3개 4개 튀어나가고.. 무한반복임 그래서 대화를 곰곰히 돌이켜보면 산만하고 깊이는 없는데 존나 흥미진진하고 재밌긴 함 ㅋㅋ
525,E i 반반 엔프피입니다. 언제든 머릿 속으로 들어와서 살펴보세요. 대신 시간약속은 안 힙니다.
526,정리가 안되어있기보다는 a생각하다가 의식의 흐름이 b로 가면 a까먹어서 그래요 ㅎㅎ
527,INTJ인데 ENFP 한번 만나보고싶담내주변엔 한번도 없었는뎀
528,난 엔프피의 덕후임내가 느꼈던 엔프피의 특징을 다 담아내고 있네ㅋㅋ 특히 A->(AB생략)->B로 가서 읭?!하게 만들어ㅋㅋㅋㅋ
529,정리정돈도 인테리어전문가 급으로 하고싶어서 연습하고 있는 ENFP 여기있어요! ㅋㅋㅋ
530,목소리가 앵그리버드 영화에 돼지킹 목소리 같습니돠
531,엔프피 친구가 너무 좋은 인프피 :3
532,지나가던 엔프피 입니다길고 긴 댓글창을 그냥 지나 칠 수 없어서몇 마디 쓰고 지나갑니다
533,엔프피 모여랑 꺄아아아아아아아악
534,검사결과도 엔프피.재미로 보는 핸드폰 번호 점도 사차원으로 나옴 ㅋㅋ 핸드폰번호 뒷자리 4자리 더한 숫자가 6이나오면 사차원 이라는 내용이였음 ㅋ
535,전 엔프피인데용 진짜 머가리 꽃밭 입니다
536,아ㅠ enfp인데 맞는 것 같아오 근데 제 성격이지만 성격이 좀 빡취네오
537,isfj인 나랑 겁나 달라서 매력적임ㅋㅋㅋㅋ 계속 생각나
538,엣프피가 본 엔프피. .나도 관종+똘끼충만 ㄸㄹㅇ인데 얘는 찐이다 ㅎ ㅎ
539,엔프피이구 저 같은 경우는 생각이 너무 많은데 그걸 표출하지 못하면 너무 답답해요 그래서 그걸 다 말하다보니 정신없어져요
540,enfp인데 이 영상보다가 딴영상도 틀어놓음
541,내 제가 바로 엔프피입니다ㅋㅋㅋ공감ㅋㅋㅋ
542,엔프피입니다제가말을이해하기힘들게하는이유가그냥떠오르는말을하기때문인데길고어려운말을하면말이꼬이고진짜대화하다가그와교묘하게연결된말이생각이나서입니다
543,Isfj인데 16개중 가장 신기한 유형이 엔프피같아요. 근데 중고딩 절친이 엣프피 엔프피라는게 더 신기..
544,저는 옛날에 유행한 mbti테스트는 esfp가 나오고 최근에 유행한 테스트는 enfp가 나와요 또 특징을 보면 둘다 다 맞는거같고ㅠㅠ 무슨테스트가 더 정확한건가요?!
545,좋게 표현해 엉뚱발랄이지 나이먹고 저러면 미침.... 멀리서보면 되게 긍정적이고 밝은데 같이 일해보니 일처리 진짜 ㅈ같이 해놓고 지혼자 괜찮고 해맑음.....
546,넌 제대로 함 보며 맞아야 겠다!!작은 걸 침소봉대말아아!!ㅎ
547,엉뚱한 말 한거 아니고 나는 머리속에 쭉 이어진 생각이 있는데 못알아들으면 설명하기가 너어무 귀찮아요 그래서 그냥 사람들이 똘아이라고 오해하게 둠
548,와 나 엔프피 맞네 인프피 아는듯 여기미쳣다
549,Istp는 언제해주시나요
550,난 적성에도 안맞는 이과나왔다. 성적은 거의 f직전. 기계메커니즘 보다 기계생긴거 자체에 더 상상력만 생겼음요.
551,enfp 인데요 저도 잘 모르겠습니다 본능 비슷한 것 같은데요?
552,엔프피인데 이거 보면서 엔프피=미어캣이라고 생각하면서 여기저기 쳐다보는 커여운 미어캣 생각중ㅋㅋㅋ
553,아니 지금 저 보고 계신줄 알았잖아요..
554,"개인적으로 만나면 귀여운 유형이나 일, 협동, 조직관계에서 만나면 졸라 짜증나는 유형. 일은 일대로 벌려놓고 수습은 못하고 마감기한도 잘 못지키고 체계도 없고 지시도 명확하지 않음."
555,인프피인데 주변에서는 엔프피같다고..ㅋㅋㅋ내용들어보면 인프피가 더맞는거같네용
556,머리속으로 들어오세용 엔프피에용
557,맑은 눈의 광인 느낌 나는 캐릭터로 만들어 놨네 ㅋ
558,예전에  4차원 소리 지겹게 듣다보니 그말이 너무 듣기싫어서 1번은 크게 싸운적 있었는데 
559,나 enfp... 특이하다는 소리 많이 듣고 살았다.근데 내입장에서는 오히려 그들이 특이하더라. 왜케 무난한고 점잖은건데 다들... 나는 다른사람들이 더 특이해보였는데....그런생각을 갖고 살다가 이제와보니 내가 진짜 특이한거였구나를 깨닫기 시작  ㅋㅋㅋ 내 주변에 enfp칭구들이 많이 생기길 바람. 같은 꽃밭끼리 통하는게 많을거같음.
560,Intp인데 님들 댓글 길이만 봐도 기 빨림
561,"엔프피인데오늘 운전하면서 버스가 옆으로 들어오길래 친구가 버스가 양쪽에 끼면 어떤 느낌일까 물어보니까 내 머리속에서 1. 세계 최고 중앙수비수들 사이에 낀 공격수가 아닐까?2. 세계 최고 수비수는 누구지?3. 반다이크는 현재 최고지만 파트너가 별로고... 라모스랑 바란인데 서로 팀이 다르고4. 아 예전에 세계 최고는 피케, 푸욜조합이지5. 피케는 아직도 바르샤 뛰고있나?이 흐름으로 대답은답: 피케가 은퇴했었지? 라는 대답같은 질문이 나왔음 ㅋㅋㅋㅋ"
562,주변 사람들이랑 어리려고 엉뚱한말 안하는 enfp입니다...읍읍!!!!이러다가 터지면 선넘고 미안해서 끙끙앓슴....
563,ENFP의 부족한점을 채워주는것은 츤데레의 INTJ라죠? 잘 만나길 바래요.
564,머리회전이 빠른거 치곤 머릿속이 너무나 꽃밭.말 많고 굳이 안해줘도 되는 일 하려하고 남 감정선을 잘 읽는다고 알려졌지만 정작 일 할땐 뭐하는건지 모르겠음.똑바로 일 하라고 알려주면 바로 기분 나쁜 티 내고 일 꼬이게 함.
565,엔프피들은 혹시 친구랑 팔짱 끼고 걸어가는걸 좋아하나요...? 주변 엔프피들 항상 같이 걸을 때 팔짱낌
566,혼자 즐거워 하다가 혼자 사라지는 유형. ENFP는 진지하게 상대하지 말고 한귀로 듣고 한귀로 흘릴것
567,흑흑 엔프피 사랑해.... ISFP
568,왜 뼈때리고 가요...
569,엔프피 쨩️
570,드르와 드르와
571,"저는 isfp, 남편은 enfp예요가끔은 제가 참다참다 그만설쳐, 들어가있어, 그만 좀 나대. 이런소리를 안할수가 없드라구요."
572,0:44 듣자마자 뜨끔했다
573,호뇨!!!!!!호뇨뇨뇨!!!!
574,본인 잇팁입니다. 엔프피 친구가 있는데 거의 가족이라고 해도 될 정도로 정말 친했었어요. 근데 제가 얘랑 놀 때마다 친구관계가 아니라 갑을관계처럼 느껴진 게 한 두번이 아니거든요.. 전에 한 번 자기 살쪘다고 계속 징징거려서 팩트 때렸는데 말을 왜 그렇게 하냐고 하고 잠수를 타더라고요. 그게 시작이었습니다 그 이후로 이 친구랑 얘기할 때 혹시나 상처 받을까 눈치보면서 말하게 됐어요. 그런데 정작 이 친구는 저한테 상처가 될만한 말을 너무 많이 했어요. 물론 제가 항상 티를 냊는 않았지만 제가 콤플렉스를 가지고 있는 신체부의를 갖고 놀린다거나 성적 가지고 놀린다거나 그런 부분들이 너무 힘들어서 한 번 얘기를 해줬습니다. 그러니까 그만 하기는 했는데 여전히 은연 중에 그 친구에게 무시당하는 기분이 듭니다. 저 뿐만 아니라 다른 친구들한테도 이러고요. 그리고 가장 힘든게 도대체 왜 친구 한 명이랑 잘 있다가 다른 친구가 오면 걔한테 가버리는건가요? 제가 얘랑 있다가 다른 애랑 놀면 사이가 멀어진 것 같다고 하면서 정작 본인은 저랑 있다가 또다른 친한 친구가 오면 걔랑 얘기하느라 눈길도 안 줘요. 진짜 너무너무너무 스트레스 받는데 이건 무슨 경우인가요. 엔프피 착하다는 말이 많은데 전 얘 때문에 엔프피들이 너무 싫습니다. 도대체 무슨 생각을 하고 사는 건지도 모르겠고 주변에 사람이 너무 많다보니까 나는 이 친구를 진정한 친구로 생각하지만 얘는 그냥 날 심심풀이 장난감으로 보는 것 같다는 생각이 끊임 없이 듭니다. 모든 엔프피분들이 이렇다는 건 아니지만 거의 2년동안 엔프피 친구 때문에 스트레스를 너무 많이 받아서 다른 엔프피 분들의 충고를 듣고 싶습니다.
575,우리엄마가 매일 하는소리ㅋㅋㅋㅋ너머릿속에 들어가보고 싶다든데ㅋㅋㅋ 내가 ENFP임ㅋㅋㅋ
576,ㅋㅋㅋㅋㅋㅋㅋㅋ엌 지금도 우주 궁금해서 찾아보다가 마약 카르텔 걱정되서 찾아보다가 mbti로 넘어온 엔프피입니다^^;;;
577,조승우가 infp죠 그래서 본인이 녹여내서 애드립으로 자기로 녹여내서 명작이 되었
578,헤헤헤헤헤헤헤헤헤헤헤헤헤헤 나다 나야 ㅎㅅㅎ
579,난 사람이 좋아
580,ㅋㅋㅋㅋㅋㅋ아니 저 엔프피인데 엔프피캐랑 옷 똑같이 입고 머리스타일도 저래서ㅋㅋㅋㅋㅋㅋㅋㅋㅋㅋㅋㅋㅋㅋㅋㅋㅋㅋㅋㅋ 너무 웃기네요…
581,어떻게 아셨어요………………….?
582,ISTP도 기다릴게요. 유형별 인구 수가 14위인 걸로 아는데도 저희 반에 저 포함 잇팁이 4명정도이거든요.
583,"안녕하세요 intp입니다. 정말 너무 궁금한 점이 있어서 댓글 쓰러 영상 찾아왔습니다. 제가 아는 사람들 (안친함) 중에 enfp가 몇 있는데 볼 때마다 늘 웃는 얼굴로 인사해주고 거의 늘 웃상이고 긍정적인데요, 이러한 태도가 페르소나가 아니라 정말 실제 모습 일 수 있나요? 만약 그렇다면 늘 웃는 얼굴일 수 있는 에너지의 원천은 무엇인가요? 다시말해 인생의 어떤 점이 그렇게 즐거우신건가요? 비꼬는게 절대 아니라 정말 찐으로 궁금해서 드리는 질문임을 이해해주시길 부탁드립니다. 제가 찐 I라 인생에 아는 E들이 별로 없는 E알못인데 그 중에서도 enfp는 정말 연구대상이고 궁금해서 질문드립니다."
584,엔프피는 이 영상 끝까지 안 본다는 댓글 찾으러 왔는데.. 안 보임 ㅜ.ㅠ 내가 못 본 내 얘기가 있다는 사실에 너무 흥분했는데 못 찾고 돌아갑니다ㅠㅠ
585,"내 별명 ""깜짝볼""인데 진짜네요."
586,Istp 좀 해주세요… 제 남자친구가 istp인데 정말 미친놈같아요…
587,엔프피입니다. 벤다이어그램으로 연상작용 사고를 합니다. 지나갈게요.
588,ㅋㅋㅋㅋ 뭐지 내 얘긴가?저 아세요?? ㅋㅋㅋ
589,그냥 생각나는건 다말하고나면 애들이 웃고있음 ㅋㅋㅋ
590,내가아는 enfp는 참 사람 말 끝까지 못 듣던데 말 좀 끊지 말라하니까 말을 안 끊으면 내가 하고싶은 얘기를 까먹어서 싫다라나 이거 종특인가요?
591,"엔프피인데, 현실적이고 철두철미한가요mm?"
592,저 엔프핀데 ㅎㅎ저 캐릭터 조차 닮앗다며 ㅋㅋㅋㅋ
593,안녕하세요
594,MBTI얘기하다 사주 얘기하다 어느새 실마릴리온 얘기하는 나를 봤을때 나도 나자신을 이해하기 힘들었다
595,"주위사람들이 사차원 엉뚱하다 많이말하는데,, ㅋㅋㅋㅋ내가 뭐!!!"
596,요즘 mbti검서 계속 하는데 문제를 다 아니까 enfp랑 entp밖에 안 나옴
597,ㅋㅋㅋㅋㅋㅋㅋㅋㅋㅋㅋㅋㅋㅋㅆㅇㅈ
598,엔프피임다!!!!
599,ENFP 인간 입니다 제 뇌로 들어오시죠 초대 해드릴께요 ^^
600,이것도 영어 자막있음 좋을텐데...
601,장기하목소리닮앗어용
602,나 엔프핀데 엔프피 검색해소 이 영상 보다 보니.내가 왜 보고 있는지 까머금... 왜 엔프피라 검색했지?? 암튼 저 딴 할 거 잇는데...ㅜ 하 빵먹고싶다...
603,그게 나임ㅋㅋ
604,"엔프피 머릿속 : 꽃밭, 낙관적"
605,엔프피인데 시작하자마자 찔렸네요
606,여기 엠뿌삐들 다 친구 하구시프당!!!!!!!!
607,저가 엔프피이지만 손이 가장 많이가는 mbti는 맞는것 같습니다 저가생각해도 저 너무 까다로워요
608,여기 댓글들 다 길어서 자세히보기를 눌러야 하네...;
609,와 진짜 그냥 나다 ㅋㅋㅋㅋ(enfp)
610,"대화중에 상대방이 ""내가 어제 친구랑 까페에 가서 한 두시간정도 얘기했거든? 원래 한시간정도? 보기로했는데 얘가 남자친구랑 헤어졌다그러더라고.""라고 말하는데...'두시간동안 뭐 마셨지? 케익도 먹었겠지 두시간이면? 단거는 물리니까 그냥 아아정도 마셨을려나. 케익이랑 먹는데 치즈케익이면 라떼도 괜찮겠다 따뜻한걸로... 근데 여름이라 아이스가 나으려나?' 라는 생각이 드는게 정상이었군요."
611,올
612,뼈프피인데 저도 제 뇌에 다이브 할 수 있다면 뛰어들고싶어요 진짜 궁금.........
613,헐 다른건 몰라도 .인싸중 아싸 아싸중 인싸인데 주목받는걸 좋아하지만 소수안에서 잠=*깐...받는거 그리고 속으로 ?조아해주고 자지해주는거ㅠ조아함 마구 튀게 조아하는거 별루..인기는 남녀불문 항상많고 어느무리에든 딱 1명씩 나를 극혐수준으로 대놓고 욕하고 시러하는 부류 항상 있음 .진짜 이해가안됨..으르롱 대는것도 아니고 그냥 일방적으로 욕하고다님. 나머지는 지나치게 인기가 좋음 ...
614,전 엔프피 인데 진짜 그래요..
615,"나 진짜 친구들이랑 이야기하다가 중간에 혼자 생각하다 육성으로 개뜬금없이 “원숭이,,,원숭이!”이랬다가 친구들한테 진지하게 병원가보라는 소리 들음 ㅋㅋㅋ"
616,관심분야가많아서 게임을 이거하다 저거하다 햝아먹는구나ㅋㅋㅋ
617,아니 이게 속으론 존나게 관종짓하고싶다고 외치는데 정작 관종짓해본건 술마실때 빼곤 거의 없는 유형은 뭐라고 해야되는거임?
618,사람에 대해 관심은 많지는 않습니다. 그러나 그런척하는거일수도있구요... 궁금한거같기도하고 뭔지모르겠어요..enfp...
619,네? 엉덩이요?
620,비키니 라이더한 사람이 전형적인 enfp 호불호 갈려서 소심한면도 있고
621,지나가던 엔프피 너무궁금해서그런데 혹시 방정리 잘들하시나요? 저 방진짜개판인데..영상속에서 기존의것을 정리하기보단 새로운것에관심을가진다라는걸보고 약간 이해되었어욬ㅋㅋㅋㅋㅋㅋ
622,"궁금한게 있어요 enfp 님들 사회생활이나 나이들면서 entp & intp 으로 바뀌셨다는분들 꽤 많이 봤는데, 진짜 바뀐건가요 아님 또 다른 페르소나인가요?"
623,ENFP들은 이 영상을 끝까지 보지 못합니다 ㅋㅋㅋㅋㅋㅋㅋ‎𐨛‎𐨛𐨛‎𐨛𐨛𐨛‎𐨛‎𐨛𐨛‎𐨛‎𐨛‎𐨛‎𐨛 ㅋㅋㅋㅋㅋㅋㅋ
624,니 머릿속엔 뭐가 들었냐 하는 소리 진짜 오지게 많이 들었는데 ㅋㅋㅋㅋㅋㅋㅋㅋㅋㅋㅋ
625,아 댓글들 보니 난 찐 엔프피였구나
626,장기하 노래같다
627,저는 완전 극 엔프피이긴 한데 카톡 대화창이나 검색 기록 불편해서 날 잡아서 싹 다 지움
628,역시 난 enfp
629,안녕하세요 엔프피입니다.저도 몰라요 아니 저도 좀 알고싶어요 내 머리속? 저도 들어가보고싶습니다.
630,"이 정도면, 전국 엔쁘삐들 모임 한번 추진합시다~~~~~~~~~~~~~~~그런데....정작 엔쁘삐들 늦거나 안 오거나 ㅋㅋㅋㅋㅋㅋ 정작 가고 싶었으나 딴 거 하느라 바빠 ㅋㅋㅋㅋㅋㅋ"
631,생각없이 말하면피곤함누가상대가
632,엔프피 특징 : ️ 이런거 겁나좋아함
633,개미굴안에 두더지가 있으면  어떻게됄까
634,엔프피 특징 : 나도 날 몰라 ..
635,ENFP는 식당에서 티비를 바라보면서 저 티비가 터지만 난죽을까? 라는 생각을 합니다..
636,MBTI 검사하면 무조건 INTP 나오는데좀 편한 분위기 속에 있으면왜 ENFP처럼 행동하는걸까요?저같은 사람 있나요??
637,저 enfp 입니다. 인터뷰 해주세요
638,"엔프피 볼 때마다 느끼는 거,사람이 어떻게 맨날 신나있지? 지치지도 않나"
639,엉뚱할 확률이이론적 확률이머리좋을 확률과같아보여머리좋을수록이상을 잘가지며색다른 발상하다이상한 생각이 엉뚱함 근원일I가 E의 8배N이 S의 27배T가 F의 2.5배J가 P의 2배정도 되 보이며J도 P보다 진지하면서도과단성강하고 독단적이며경험에 의존안하다보면엉뚱해지기 쉬워이론적인 사람들도그 이론이 관심끌지못하면엉뚱해진다 보여
640,엔프피입니다 완존인정^^
641,엔프피 입니다.. 우리중에 ADHD환자들이 있는데.. 사회생활정말 힘듬 힝.
642,난 진짜 ENFP 그 자체당 ㅋㅋㅋㅋ
643,카리나.ㅋㅋㅋㅋ
644,제 주위 enfp들은 왤케 화만 내고 웃고 짜증만 낼까요? ㅠㅠ 이런 enfp들도 있나요?
645,난 intp엄마인데 enfp딸 보면 외계인인듯 함완전 4차원인거 같은데 너무 감정적이라피곤함.
646,나 배고픔
647,enfp 머리속 어지러워요
648,안정 ㅎㅎㅎ엔프피에 ab형 옳시다
649,내 머리는 꽃밭이 아닌 미러볼인데…
650,반애들 반이 엔프피에요. 조용한 날이 없음..
651,ㅋ 전 완전 ENFP 인데 딱 맞음 ㅋㅋ 스파크
652,나네
653,enfp인데요 보다가 중간에 껏어요 재미없어서그런건아니구요 전원래그럼..그럼이만
654,Entp intp istp 끝은enfp
655,ENTJ 랑 ENFP 랑 사이 나쁘다는 소리가 있던데... 진짜에요?
656,남의말 듣기 싫을때 말을 돌리기 위해 딴소리를 하는겁니다제경우 ㅋ
657,엔프피 너무 싫어요 너무 감정적이에요
658,엔프피입니다 이해못하시는 두가지가 합쳐져있는데 그게 교집합 합집합이 다 존재한다는 것입니다.지금도 중간에 영상 정지시켜놓오 무슨말 하는지는 모르지만 댓글을 달고 있는 모습같이 마리야 마리야 널위한 말이야...라는거죠
659,Enfp는 노잼인 사람어떻게 생각하나요? 너무 싫어한다는 글을 봤는데…
660,동생이 엔프피라 잇팁인 나는 힘들다...감당이 안 돼...
661,엔프제이인줄 알았는데........ 엔프피가 맞는거 같네요
662,나 사차원 또라이 아닌뎅..
663,날 또라이라 생각하지마 난 다분히 차분하고 정상적이야 난 정말 평범해 진짜 평범해
664,NFP인데 테스트 하면 I 와 e 퍼센트가 50대 50으로 자꾸 나오는데 이건 어떻게 설명이 가능 할까욤...
665,Enfp의 p로 인해 스트레스 받는 infj.
666,캐릭터 혜찌닮았어
667,난 인프피고 동생은 엔프피인데 잘 맞다가도 혼자있고 싶은데 너무 따라다니면서 뭘 자꾸 말하고 지가 알고있는거 알려주고 그러는데 시끄러움ㅋ 아 혼자있고 싶어서 방에 들어갔는데 왜 따라다니면서 그러는건데진짜ㅋㅋㅋㅋㅋㅋㅋ 이해하고싶어서 보는데 진짜 저럼ㅋ 아진짜 정신없어ㅋㅋ나는 머릿속에서 정신없는데 쟤는 이미 정신없이 말하고있음ㅋㅋ 근데 언니가 엣티제인거ㅋ 진짜 안맞음ㅋ 차라리 엔프피동생이 더 잘맞음ㅋ
668,내 머릿속 설명해도 다른 사람들 이해못함.
669,친구들이 사차원 이래요 그게 싫음
670,"하하 안녕하세요 정리 안하셔도 되요 그저 자유로운 유령인데요 설명하면 ㅓ,, 음,,ㅇ,,어,.몰라요 님들이 알아서 생각해바요(?) highhhhhhh텐션에 4차원은 맞은듯여 그리고 난 내가 왜 이론에 빠졌는지도 모르고 대가리로 이걸 설명하는 것을 모르겠고요 걍 의심이버닻 (?????)  뛰고싶음 뛰고 달리고싶음 달립니다"
671,나도 엔프피 그만 하고싶어 ......
672,Enfp는 호들갑 안떨어요
673,엔프피 엔프제 가장 큰 다른점은 뭘까요?
674,엔프피에여
675,리트리버
676,ENFP입니다. 머릿속에 별에 별생각 다있는데 정리가 안됩니다. ㅋㅋㅋ 걍 머리가 나쁜건가
677,내가 enfp라 이런건지 adhd라 이러는지 너무 궁금해
678,ENPF 다 모여라-!!!
679,좀 산만한 거 같음
680,와...  너무 난데...
681,맞어 ㅋㅋㅋ 나설명하는거 정말 싫어함
682,ㅋㅋㅋㅋㅋㅋㅋㅋ엉뚱한 말한적없어요설명을 어떻게 해야 할지 못할때가 있어요
683,너무 눈이 초롱초롱빛나서 피하고싶네요 ㅋㅋ
684,뭔가있긴한데 ㅋㅋ
685,인프피가 나이먹으면 엔프피가 됩니다 중년친화력이 생기거든요
686,저 맨날 스파크처럼튀고 뭔말하는지 나도모르겠고 나는진짜 내가 생각한대로 말한간데 내가 말한게 이해안간다고해서 자꾸 ENTP랑 부닥쳐요 에휴
687,ㅇㅅㅇ
688,엔프피 장점: 대가리꽃밭엔프피 단점: 꽃밭인데 라플레시아 꽃밭ㅋㅋㅋ혼돈악
689,아 딸이 enfp 인데공감해요저istj  서로 공감못해요
690,"그러므로 나는 관종,머가리 꽃밭이다."
691,나 ENFP 아빠계정~~~~~~
692,나랑 세상 전혀 안맞는 유형이다…
693,i feel seen ahk
694,내칭구 나보고 왜 맨날 수수께끼 하냐고 함 ㅋㅋㅋㅋㅋㅋㅋㅋㅋㅋㅋㅋㅋㅋㅋㅋ
695,사람: 물고기 뭐라뭐라ENFP 생각:물고기? 물고기는 물에살지. 근데우리몸에는 물이70%가 있어. 그럼물고기는 우리몸에 헤엄 쳐다니는건가?ENFP:사람 몸안에 물고기가 헤엄쳐요사람: 제정신인가?
696,엔프피는 사람의 감정을 잘 파악한다..눈치도 빠르고 본인을 잘 어필함.귀여워
697,난 그냥 내가 정상인줄알았는데 다른사람이 볼땐 ㅁㅊㄴ이였군 ㅋㅋㅋ
698,English sub please!
699,Enfj 입니다. 남친이 enfp 인데 자주 술마시고 취해서 연락없이 자고 다음날 아무렇지 않게 카톡와요. 연락 자주 안합니다…. 원래 이런가요?
700,나 관종이고 ENFP디ㅡ
701,"여사친이 enfp인데 장난을 많이치나요?? 막 제가 담에 밥먹자했는데 정색빨면서 ;; ㄴㄴ 이러고 또 제가 그,,,그래...이러면 또 장난이야 이러면서 다른거 물어보고 이게 머예요?? 진짜 이상함;"
702,머가리 꽃밭ㅋㅋㅋㅋㅋㅋ
703,난ㄴ 엔프피 관종ㅇ 잼민이다ㅏㅏㅏㅏ
704,댓글들 깨발랄란거봐…ㅋㅋㅋ
705,enfp 어디로 튈지모르겠어서 불안하고 너무 감정적이라 피곤함 뒷수습도 안함istj시점
706,엔프피 너무 밝고 좋은데…..좀 귀찮음 ㅜㅜㅋㅋㅋㅋㅋㅋㅋㅋㅋㅋㅋ
707,그니까 enfp는 주의력 결핍 장애라는거네
708,2:21 아이구 우리마누라 방이네 ㅋㅋㅋㅋ
709,지나가는 인티제임.엥뿌삐들아.. 내 기 좀 그만 빨아..집에가면 그냥 바로 쓰러짐
710,응..
711,Adhd
712,왜 내가 아는 엔프피는 약속시간애 맨날 늦을까 하 심지어 약속 잡는것도 어려움 못만나겠음
713,얇고 널게 알고 뭐 좀 하는건 많은데 진짜 잘하는건 없음
714,ENFP는 나를 제외한 모두 없어져야 한다.
715,ENFP인데요.ㅠㅠ 공무원이에요. 너무 힘드네요.
716,인프피는 왜 안해줘영 
717,아이 싯팔ㅋㅋㅋ
718,왜 계속 개가 떠오르지
719,난인프핀데 낯가리는 엉뚱
720,ㅇ난 앰비티아이 과모립녀
721,ㅎㅎ 부끄럽군요.
722,나 엔프피 인데
723,나는 엔프피 특징 관종
724,님들 ENFP는 뭐라불러야됨? 인프피? 엔프피
725,아무것도 안보임 ENFP
726,엔프피...귀여워...똥꼬발랄의 의인화라고 생각합니다
727,나는 enfp아닌데.
728,음..엔프피인데...이영상을보면서꽃이 왜 색이있는지 색상은 왜다른지 이런생각이 들었네요ㅋㅋㅋㄲㅋ왜들었는지 이유는 몰라요
729,엔에프피는  패션에서  블랙은  비겁함이라  생각합니다.
730,4:30
731,"재가 ENFP입니다 자주 생각하는것은쩨쯔는 말이죠,샤바땁뚜비뚜봣"
732,엔프피 여러분 혹시 치위생사 하시는분 있으실까요?? 있으시다면 만족하시나요?? 진로가 너무 고민이예요
733,어ㅓ.. 지금 생각나는걸 말하자면..저기 선풍기가 보이네 저기 있는 선풍기의 거 날개만 빼서 내 등에 몇개를 달아야 날 수 있을까.. 그냥 손바닥에 달고 아이언맨처럼 퓨슈ㅠ유유ㅜㅜ우ㅜ우웈 하고 날아가서 내가 영웅이 되어서 이세상에 숨어있는 악당과 범죄자를 잡으면 나는 세계적인 영웅이 되고 상도 받겠지? 그럼 이 상을 보고 싶어 내집에 올꺼고 그러면 이산화탄소가 꽉차겠구나 그럼 공기청정기의 이산화탄소를 산소로 바꾸는 기능을 넣어서 실행하면 안전하겠구나 근데 사람은 숨을 쉴때 이산화탄소도 먹어야하지 않다 어우 위험하다 이 기능을 빼놓자 그러면 이산화탄소가 너무 가득차고 내집은 먼지 투성이에 사람들로 꽉차서 덥겠지? 그럼 에어컨을 키자! 근데 전기세 나오는걸 어쩌지 온 사람들한테 전기를 만들라고 하면 전기세는 안나오겠지 그럼 이렇게 모인 전기를 압축시켜서 휴대용 전기팩을 만들어 팔면 난 부자가 되겠지 아 이건 건전기랑 비슷한 것 같은데 그러면 이 전기팩을 가지고 우주선을 만들어 날아가면 되겠다 그럼 나는 우주로 가서 우주식품을 먹겠지 그럼 가족들이랑 떨어지겠지 친구들이랑또 떨어지겠네..? 그럼 친구들이랑 가족들도 태우고 날아가면 문제없지! 근데 그러면 식품이 부족해지지 않나 그럼 우리 가족들이랑 내 친구들이 굶어 죽는거네 아 그럼 내가 요리사 자격증을 따서 우주 생물체를 요리해서 살면 되겠다 하지만 난 요리 못하는데 그럼 가족들이랑 친구들이 실망하겠지 누가 실망하는건 싫은데 그러면 내가 로봇을 만들어서 요리시키면 되겠다 이러면 문제없네! 그러면 난 공부는 어디서 하지 그러면 난 내 꿈울 못이루는데? 어우 그럴순 없지.. 다시 지구로 내려와서 살아야지
734,제 주변 엔프피는... 말이 너무 많아요. 필터가 없는것 같기도 하고... 
735,정말 피곤하네요
736,여기서 enfp라고하는사람들 댓글들 특징이 댓만봐도 시끄러움 ㅋㅋㅋㅋㅋㅋㅋㅋㅋㅋ
737,내가 학교에서 ㅂㅅ취급 받는 이유가 MBTI때문이였구나
738,kkkkkkkk
739,can we get english subtittle?
740,202빠
741,ENFP 공통점과 ADHD 증상이랑 많이 일치하네요상당수 ENFP는 ADHD가 치료되지 못한 결과일지도
742,개소름.......ㄷㄷㄷㄷㄷㄷㄷ기생충 한번 보고...진짜다시는 안봄
743,제가 엔프피인데. 집상태가말이 안나오는데. 원레 엔프피집이 더럽나요?
744,하 진심
745,제가 똥꼬발랄해요????어쩔전자tv평면스탠드형저쩔삼성갤럭시z플립한정판 리미티드에디션어쩔청소기100만원 한정판 50%세일저쩔삼성퀀텀3
746,ㅇ
747,저는 ISTP인데 ENFP 차장님이랑 진짜 더럽게 안맞고 자꾸 귀찮게 말걸고 엉뚱한 질문해요사람지나갈때마다 어쩌고저쩌고 대머리가 어쩌고 가발이네 저쩌네 이러는데 항상 꼴보기 싫고 서로 너무 안맞는거같아요 차장님 먹는모습이 쳐먹는걸로 보일정도로 너무 싫어요.
748,존나 피곤한 타입
749,엠비티아이 중에서 가장 문란한 유형
750,istp애가 계속 ㅈ문가라는데 설명을 해도 이게 그 아 흠... 개답답해요
751,nf=좌파 sp=우파
752,정말이상해요 intj istp intp 나왔다가 방금 또 엔프피나왔어요 왜 매번 바뀌는걸까요 ㅠㅠ
753,"엔티제 기준 엔프피는 성인 ADHD가 있는것 같고,, 약간 덜떨어진것 같음,, 음,,, 대가리꽃밭 그자체,,,"
754,내가 제일 싫어하는유형이 enfp유형입니다.진짜 지는법도 모르고 우기는거 좋아하고 지 고집대로 행동하고 팩트고나발이고 무조건 자기만 옳다고 생각하는유형임아마 광신도나 사이비종교에도 가장 잘빠지는 유형일듯
